FixtureID,Date,Timestamp,VenueID,HomeTeamID,AwayTeamID,Status,Round,LeagueID,Season
1324892,2025-02-16T05:00:00+00:00,1739682000,20714.0,315,7129,FT,Regular Season - 1,100,2025
1324893,2025-02-15T05:00:00+00:00,1739595600,11585.0,7145,4324,FT,Regular Season - 1,100,2025
1324894,2025-02-15T05:00:00+00:00,1739595600,2774.0,756,2235,FT,Regular Season - 1,100,2025
1324895,2025-02-16T05:00:00+00:00,1739682000,3298.0,4314,4319,FT,Regular Season - 1,100,2025
1324896,2025-02-16T05:00:00+00:00,1739682000,20561.0,7138,297,FT,Regular Season - 1,100,2025
1324897,2025-02-16T05:00:00+00:00,1739682000,5191.0,7135,4318,FT,Regular Season - 1,100,2025
1324898,2025-02-16T05:00:00+00:00,1739682000,20519.0,10409,4323,FT,Regular Season - 1,100,2025
1324899,2025-02-16T06:00:00+00:00,1739685600,11575.0,2236,317,FT,Regular Season - 1,100,2025
1324900,2025-04-27T04:00:00+00:00,1745726400,11578.0,4326,300,FT,Regular Season - 1,100,2025
1324901,2025-04-26T05:00:00+00:00,1745643600,2775.0,805,304,FT,Regular Season - 1,100,2025
1324902,2025-02-22T05:00:00+00:00,1740200400,2774.0,756,7145,FT,Regular Season - 2,100,2025
1324903,2025-02-22T05:00:00+00:00,1740200400,3306.0,4324,315,FT,Regular Season - 2,100,2025
1324904,2025-02-23T05:00:00+00:00,1740286800,3298.0,4314,304,FT,Regular Season - 2,100,2025
1324905,2025-02-23T05:00:00+00:00,1740286800,958.0,297,4326,FT,Regular Season - 2,100,2025
1324906,2025-02-23T05:00:00+00:00,1740286800,1935.0,317,7135,FT,Regular Season - 2,100,2025
1324907,2025-02-23T05:00:00+00:00,1740286800,5189.0,7129,4319,FT,Regular Season - 2,100,2025
1324908,2025-02-22T05:00:00+00:00,1740200400,2775.0,805,4323,FT,Regular Season - 2,100,2025
1324909,2025-02-23T05:00:00+00:00,1740286800,20519.0,10409,4318,FT,Regular Season - 2,100,2025
1324910,2025-02-23T05:00:00+00:00,1740286800,11575.0,2236,300,FT,Regular Season - 2,100,2025
1324911,2025-02-22T05:00:00+00:00,1740200400,959.0,2235,7138,FT,Regular Season - 2,100,2025
1324912,2025-03-02T05:00:00+00:00,1740891600,978.0,315,10409,FT,Regular Season - 3,100,2025
1324913,2025-03-01T05:00:00+00:00,1740805200,11585.0,7145,4314,FT,Regular Season - 3,100,2025
1324914,2025-03-01T05:00:00+00:00,1740805200,3306.0,4324,2236,FT,Regular Season - 3,100,2025
1324915,2025-03-01T05:00:00+00:00,1740805200,3305.0,4323,756,FT,Regular Season - 3,100,2025
1324916,2025-03-01T05:00:00+00:00,1740805200,958.0,297,805,FT,Regular Season - 3,100,2025
1324917,2025-03-01T05:00:00+00:00,1740805200,5191.0,7135,304,FT,Regular Season - 3,100,2025
1324918,2025-03-02T05:00:00+00:00,1740891600,11577.0,4319,4326,FT,Regular Season - 3,100,2025
1324919,2025-03-02T05:00:00+00:00,1740891600,1935.0,317,300,FT,Regular Season - 3,100,2025
1324920,2025-03-02T05:00:00+00:00,1740891600,5189.0,7129,7138,FT,Regular Season - 3,100,2025
1324921,2025-03-01T05:00:00+00:00,1740805200,959.0,2235,4318,FT,Regular Season - 3,100,2025
1324922,2025-03-09T05:00:00+00:00,1741496400,11578.0,4326,4324,FT,Regular Season - 4,100,2025
1324923,2025-03-08T04:00:00+00:00,1741406400,3301.0,4318,297,FT,Regular Season - 4,100,2025
1324924,2025-03-08T05:00:00+00:00,1741410000,3305.0,4323,7145,FT,Regular Season - 4,100,2025
1324925,2025-03-09T05:00:00+00:00,1741496400,987.0,300,7129,FT,Regular Season - 4,100,2025
1324926,2025-03-09T05:00:00+00:00,1741496400,3298.0,4314,315,FT,Regular Season - 4,100,2025
1324927,2025-03-08T05:00:00+00:00,1741410000,20561.0,7138,4319,FT,Regular Season - 4,100,2025
1324928,2025-03-08T05:00:00+00:00,1741410000,5191.0,7135,2235,FT,Regular Season - 4,100,2025
1324929,2025-03-08T05:00:00+00:00,1741410000,2775.0,805,317,FT,Regular Season - 4,100,2025
1324930,2025-03-09T05:00:00+00:00,1741496400,20519.0,10409,304,FT,Regular Season - 4,100,2025
1324931,2025-03-08T06:00:00+00:00,1741413600,11575.0,2236,756,FT,Regular Season - 4,100,2025
1324932,2025-04-23T10:00:00+00:00,1745402400,3301.0,4318,4314,FT,Regular Season - 5,100,2025
1324933,2025-03-16T05:00:00+00:00,1742101200,978.0,315,7138,FT,Regular Season - 5,100,2025
1324934,2025-03-16T05:00:00+00:00,1742101200,11585.0,7145,10409,FT,Regular Season - 5,100,2025
1324935,2025-03-16T05:00:00+00:00,1742101200,2774.0,756,4319,FT,Regular Season - 5,100,2025
1324936,2025-03-15T05:00:00+00:00,1742014800,3306.0,4324,7135,FT,Regular Season - 5,100,2025
1324937,2025-05-14T10:00:00+00:00,1747216800,969.0,304,4323,FT,Regular Season - 5,100,2025
1324938,2025-03-16T10:00:00+00:00,1742119200,958.0,297,300,FT,Regular Season - 5,100,2025
1324939,2025-03-15T05:00:00+00:00,1742014800,1935.0,317,2235,FT,Regular Season - 5,100,2025
1324940,2025-03-15T04:00:00+00:00,1742011200,5189.0,7129,2236,FT,Regular Season - 5,100,2025
1324941,2025-03-15T05:00:00+00:00,1742014800,2775.0,805,4326,FT,Regular Season - 5,100,2025
1324942,2025-03-23T04:00:00+00:00,1742702400,11578.0,4326,7129,FT,Regular Season - 6,100,2025
1324943,2025-03-23T05:00:00+00:00,1742706000,969.0,304,4324,FT,Regular Season - 6,100,2025
1324944,2025-03-23T05:00:00+00:00,1742706000,3305.0,4323,4318,FT,Regular Season - 6,100,2025
1324945,2025-03-23T05:00:00+00:00,1742706000,3298.0,4314,10409,FT,Regular Season - 6,100,2025
1324946,2025-03-23T05:00:00+00:00,1742706000,20561.0,7138,300,FT,Regular Season - 6,100,2025
1324947,2025-03-23T05:00:00+00:00,1742706000,5191.0,7135,756,FT,Regular Season - 6,100,2025
1324948,2025-03-23T05:00:00+00:00,1742706000,11577.0,4319,297,FT,Regular Season - 6,100,2025
1324949,2025-03-23T05:00:00+00:00,1742706000,1935.0,317,7145,FT,Regular Season - 6,100,2025
1324950,2025-03-23T05:00:00+00:00,1742706000,11575.0,2236,805,FT,Regular Season - 6,100,2025
1324951,2025-03-23T05:00:00+00:00,1742706000,959.0,2235,315,FT,Regular Season - 6,100,2025
1324952,2025-03-30T04:00:00+00:00,1743307200,11578.0,4326,7135,FT,Regular Season - 7,100,2025
1324953,2025-03-30T05:00:00+00:00,1743310800,3301.0,4318,4319,FT,Regular Season - 7,100,2025
1324954,2025-03-30T05:00:00+00:00,1743310800,20714.0,315,7145,FT,Regular Season - 7,100,2025
1324955,2025-03-30T05:00:00+00:00,1743310800,2774.0,756,805,FT,Regular Season - 7,100,2025
1324956,2025-03-30T05:00:00+00:00,1743310800,3306.0,4324,317,FT,Regular Season - 7,100,2025
1324957,2025-03-30T05:00:00+00:00,1743310800,987.0,300,4323,FT,Regular Season - 7,100,2025
1324958,2025-03-29T05:00:00+00:00,1743224400,958.0,297,304,FT,Regular Season - 7,100,2025
1324959,2025-03-30T05:00:00+00:00,1743310800,20561.0,7138,4314,FT,Regular Season - 7,100,2025
1324960,2025-03-30T05:00:00+00:00,1743310800,5189.0,7129,2235,FT,Regular Season - 7,100,2025
1324961,2025-03-30T05:00:00+00:00,1743310800,20519.0,10409,2236,FT,Regular Season - 7,100,2025
1324962,2025-04-06T05:00:00+00:00,1743915600,978.0,315,4326,FT,Regular Season - 8,100,2025
1324963,2025-04-06T05:00:00+00:00,1743915600,11585.0,7145,4318,FT,Regular Season - 8,100,2025
1324964,2025-04-05T05:00:00+00:00,1743829200,2774.0,756,10409,FT,Regular Season - 8,100,2025
1324965,2025-04-05T05:00:00+00:00,1743829200,969.0,304,7129,FT,Regular Season - 8,100,2025
1324966,2025-04-06T04:00:00+00:00,1743912000,3305.0,4323,2236,FT,Regular Season - 8,100,2025
1324967,2025-04-06T05:00:00+00:00,1743915600,3298.0,4314,317,FT,Regular Season - 8,100,2025
1324968,2025-04-05T05:00:00+00:00,1743829200,5191.0,7135,297,FT,Regular Season - 8,100,2025
1324969,2025-04-06T05:00:00+00:00,1743915600,11577.0,4319,300,FT,Regular Season - 8,100,2025
1324970,2025-04-05T05:00:00+00:00,1743829200,2775.0,805,7138,FT,Regular Season - 8,100,2025
1324971,2025-04-05T08:00:00+00:00,1743840000,959.0,2235,4324,FT,Regular Season - 8,100,2025
1324972,2025-04-12T05:00:00+00:00,1744434000,3301.0,4318,805,FT,Regular Season - 9,100,2025
1324973,2025-04-13T05:00:00+00:00,1744520400,3306.0,4324,756,FT,Regular Season - 9,100,2025
1324974,2025-04-13T04:00:00+00:00,1744516800,3305.0,4323,2235,FT,Regular Season - 9,100,2025
1324975,2025-04-13T05:00:00+00:00,1744520400,987.0,300,7135,FT,Regular Season - 9,100,2025
1324976,2025-04-13T05:00:00+00:00,1744520400,958.0,297,315,FT,Regular Season - 9,100,2025
1324977,2025-04-12T05:00:00+00:00,1744434000,20561.0,7138,4326,FT,Regular Season - 9,100,2025
1324978,2025-04-13T05:00:00+00:00,1744520400,1935.0,317,304,FT,Regular Season - 9,100,2025
1324979,2025-04-13T05:00:00+00:00,1744520400,5189.0,7129,7145,FT,Regular Season - 9,100,2025
1324980,2025-04-12T05:00:00+00:00,1744434000,20519.0,10409,4319,FT,Regular Season - 9,100,2025
1324981,2025-04-13T04:00:00+00:00,1744516800,11575.0,2236,4314,FT,Regular Season - 9,100,2025
1324982,2025-04-20T04:00:00+00:00,1745121600,11578.0,4326,4323,FT,Regular Season - 10,100,2025
1324983,2025-04-20T04:00:00+00:00,1745121600,3301.0,4318,7129,FT,Regular Season - 10,100,2025
1324984,2025-04-20T05:00:00+00:00,1745125200,978.0,315,300,FT,Regular Season - 10,100,2025
1324985,2025-04-20T05:00:00+00:00,1745125200,969.0,304,7145,FT,Regular Season - 10,100,2025
1324986,2025-04-20T05:00:00+00:00,1745125200,958.0,297,317,FT,Regular Season - 10,100,2025
1324987,2025-04-18T05:00:00+00:00,1744952400,20561.0,7138,756,FT,Regular Season - 10,100,2025
1324988,2025-04-19T05:00:00+00:00,1745038800,5191.0,7135,4314,FT,Regular Season - 10,100,2025
1324989,2025-04-20T05:00:00+00:00,1745125200,2775.0,4319,2236,FT,Regular Season - 10,100,2025
1324990,2025-04-20T05:00:00+00:00,1745125200,2775.0,805,4324,FT,Regular Season - 10,100,2025
1324991,2025-04-20T08:00:00+00:00,1745136000,959.0,2235,10409,FT,Regular Season - 10,100,2025
1324992,2025-05-03T05:00:00+00:00,1746248400,11585.0,7145,7138,FT,Regular Season - 11,100,2025
1324993,2025-05-03T05:00:00+00:00,1746248400,2774.0,756,297,FT,Regular Season - 11,100,2025
1324994,2025-05-03T06:00:00+00:00,1746252000,969.0,304,300,FT,Regular Season - 11,100,2025
1324995,2025-05-03T09:00:00+00:00,1746262800,3305.0,4323,4324,FT,Regular Season - 11,100,2025
1324996,2025-05-03T05:00:00+00:00,1746248400,3298.0,4314,4326,FT,Regular Season - 11,100,2025
1324997,2025-05-03T05:00:00+00:00,1746248400,11577.0,4319,2235,FT,Regular Season - 11,100,2025
1324998,2025-05-03T05:00:00+00:00,1746248400,1935.0,317,4318,FT,Regular Season - 11,100,2025
1324999,2025-05-03T05:00:00+00:00,1746248400,2775.0,805,315,FT,Regular Season - 11,100,2025
1325000,2025-05-03T05:00:00+00:00,1746248400,20519.0,10409,7129,FT,Regular Season - 11,100,2025
1325001,2025-05-03T05:00:00+00:00,1746248400,11575.0,2236,7135,FT,Regular Season - 11,100,2025
1325002,2025-05-06T05:00:00+00:00,1746507600,11578.0,4326,7145,FT,Regular Season - 12,100,2025
1325003,2025-05-06T04:55:00+00:00,1746507300,3301.0,4318,756,FT,Regular Season - 12,100,2025
1325004,2025-05-06T05:00:00+00:00,1746507600,20714.0,315,4323,FT,Regular Season - 12,100,2025
1325005,2025-05-06T05:00:00+00:00,1746507600,3306.0,4324,4319,FT,Regular Season - 12,100,2025
1325006,2025-05-06T05:00:00+00:00,1746507600,987.0,300,805,FT,Regular Season - 12,100,2025
1325007,2025-05-06T10:00:00+00:00,1746525600,958.0,297,4314,FT,Regular Season - 12,100,2025
1325008,2025-05-07T10:00:00+00:00,1746612000,20561.0,7138,304,FT,Regular Season - 12,100,2025
1325009,2025-05-06T05:00:00+00:00,1746507600,5191.0,7135,10409,FT,Regular Season - 12,100,2025
1325010,2025-05-06T05:00:00+00:00,1746507600,5189.0,7129,317,FT,Regular Season - 12,100,2025
1325011,2025-05-06T09:00:00+00:00,1746522000,959.0,2235,2236,FT,Regular Season - 12,100,2025
1325012,2025-05-17T05:00:00+00:00,1747458000,11585.0,7145,297,FT,Regular Season - 13,100,2025
1325013,2025-05-17T05:00:00+00:00,1747458000,2774.0,756,7129,FT,Regular Season - 13,100,2025
1325014,2025-05-18T05:00:00+00:00,1747544400,3306.0,4324,7138,FT,Regular Season - 13,100,2025
1325015,2025-05-18T04:00:00+00:00,1747540800,969.0,304,4319,FT,Regular Season - 13,100,2025
1325016,2025-05-18T05:00:00+00:00,1747544400,3298.0,4314,4323,FT,Regular Season - 13,100,2025
1325017,2025-05-17T05:00:00+00:00,1747458000,5191.0,7135,315,FT,Regular Season - 13,100,2025
1325018,2025-05-18T05:00:00+00:00,1747544400,1935.0,317,4326,FT,Regular Season - 13,100,2025
1325019,2025-05-17T05:00:00+00:00,1747458000,20519.0,10409,300,FT,Regular Season - 13,100,2025
1325020,2025-05-17T05:00:00+00:00,1747458000,11575.0,2236,4318,FT,Regular Season - 13,100,2025
1325021,2025-05-17T10:00:00+00:00,1747476000,959.0,2235,805,FT,Regular Season - 13,100,2025
1325022,2025-06-01T05:00:00+00:00,1748754000,11578.0,4326,304,NS,Regular Season - 14,100,2025
1325023,2025-06-01T05:00:00+00:00,1748754000,3301.0,4318,4324,NS,Regular Season - 14,100,2025
1325024,2025-05-31T10:00:00+00:00,1748685600,20714.0,315,317,NS,Regular Season - 14,100,2025
1325025,2025-05-31T05:00:00+00:00,1748667600,2774.0,756,4314,NS,Regular Season - 14,100,2025
1325026,2025-05-31T05:00:00+00:00,1748667600,3305.0,4323,7135,NS,Regular Season - 14,100,2025
1325027,2025-06-01T05:00:00+00:00,1748754000,987.0,300,2235,NS,Regular Season - 14,100,2025
1325028,2025-06-01T10:00:00+00:00,1748772000,958.0,297,7129,NS,Regular Season - 14,100,2025
1325029,2025-05-31T05:00:00+00:00,1748667600,20561.0,7138,2236,NS,Regular Season - 14,100,2025
1325030,2025-05-31T05:00:00+00:00,1748667600,11577.0,4319,7145,NS,Regular Season - 14,100,2025
1325031,2025-05-31T05:00:00+00:00,1748667600,2775.0,805,10409,NS,Regular Season - 14,100,2025
1325032,2025-06-08T04:00:00+00:00,1749355200,11578.0,4326,2235,NS,Regular Season - 15,100,2025
1325033,2025-06-07T10:00:00+00:00,1749290400,20714.0,315,756,NS,Regular Season - 15,100,2025
1325034,2025-06-08T05:00:00+00:00,1749358800,11585.0,7145,805,NS,Regular Season - 15,100,2025
1325035,2025-06-07T05:00:00+00:00,1749272400,969.0,304,4318,NS,Regular Season - 15,100,2025
1325036,2025-06-08T05:00:00+00:00,1749358800,3298.0,4314,300,NS,Regular Season - 15,100,2025
1325037,2025-06-08T05:00:00+00:00,1749358800,11577.0,4319,4323,NS,Regular Season - 15,100,2025
1325038,2025-06-07T05:00:00+00:00,1749272400,1935.0,317,7138,NS,Regular Season - 15,100,2025
1325039,2025-06-08T05:00:00+00:00,1749358800,5189.0,7129,7135,NS,Regular Season - 15,100,2025
1325040,2025-06-07T10:00:00+00:00,1749290400,20519.0,10409,4324,NS,Regular Season - 15,100,2025
1325041,2025-06-07T09:00:00+00:00,1749286800,11575.0,2236,297,NS,Regular Season - 15,100,2025
1325042,2025-06-15T07:00:00+00:00,1749970800,3301.0,4318,315,NS,Regular Season - 16,100,2025
1325043,2025-06-15T10:00:00+00:00,1749981600,2774.0,756,317,NS,Regular Season - 16,100,2025
1325044,2025-06-14T08:00:00+00:00,1749888000,3306.0,4324,7129,NS,Regular Season - 16,100,2025
1325045,2025-06-14T06:00:00+00:00,1749880800,3305.0,4323,297,NS,Regular Season - 16,100,2025
1325046,2025-06-14T09:00:00+00:00,1749891600,987.0,300,7145,NS,Regular Season - 16,100,2025
1325047,2025-06-14T06:00:00+00:00,1749880800,5191.0,7135,4319,NS,Regular Season - 16,100,2025
1325048,2025-06-14T05:00:00+00:00,1749877200,2775.0,805,4314,NS,Regular Season - 16,100,2025
1325049,2025-06-14T10:00:00+00:00,1749895200,20519.0,10409,7138,NS,Regular Season - 16,100,2025
1325050,2025-06-14T09:00:00+00:00,1749891600,11575.0,2236,4326,NS,Regular Season - 16,100,2025
1325051,2025-06-14T09:00:00+00:00,1749891600,959.0,2235,304,NS,Regular Season - 16,100,2025
1325052,2025-06-22T05:00:00+00:00,1750568400,11578.0,4326,756,NS,Regular Season - 17,100,2025
1325053,2025-06-21T09:00:00+00:00,1750496400,969.0,304,2236,NS,Regular Season - 17,100,2025
1325054,2025-06-21T09:00:00+00:00,1750496400,987.0,300,4324,NS,Regular Season - 17,100,2025
1325055,2025-06-21T09:00:00+00:00,1750496400,3298.0,4314,2235,NS,Regular Season - 17,100,2025
1325056,2025-06-21T10:00:00+00:00,1750500000,958.0,297,10409,NS,Regular Season - 17,100,2025
1325057,2025-06-22T06:00:00+00:00,1750572000,20561.0,7138,4318,NS,Regular Season - 17,100,2025
1325058,2025-06-21T09:00:00+00:00,1750496400,5191.0,7135,7145,NS,Regular Season - 17,100,2025
1325059,2025-06-21T10:00:00+00:00,1750500000,11577.0,4319,315,NS,Regular Season - 17,100,2025
1325060,2025-06-21T05:00:00+00:00,1750482000,1935.0,317,4323,NS,Regular Season - 17,100,2025
1325061,2025-06-21T05:00:00+00:00,1750482000,5189.0,7129,805,NS,Regular Season - 17,100,2025
1325062,2025-06-28T00:00:00+00:00,1751068800,3301.0,4318,4326,TBD,Regular Season - 18,100,2025
1325063,2025-06-28T10:00:00+00:00,1751104800,20714.0,315,304,NS,Regular Season - 18,100,2025
1325064,2025-06-28T09:00:00+00:00,1751101200,11585.0,7145,2236,NS,Regular Season - 18,100,2025
1325065,2025-06-28T10:00:00+00:00,1751104800,2774.0,756,300,NS,Regular Season - 18,100,2025
1325066,2025-06-28T09:00:00+00:00,1751101200,3306.0,4324,4314,NS,Regular Season - 18,100,2025
1325067,2025-06-30T10:00:00+00:00,1751277600,20561.0,7138,7135,NS,Regular Season - 18,100,2025
1325068,2025-06-29T10:00:00+00:00,1751191200,5189.0,7129,4323,NS,Regular Season - 18,100,2025
1325069,2025-06-28T09:00:00+00:00,1751101200,2775.0,805,4319,NS,Regular Season - 18,100,2025
1325070,2025-06-28T10:00:00+00:00,1751104800,20519.0,10409,317,NS,Regular Season - 18,100,2025
1325071,2025-06-28T09:00:00+00:00,1751101200,959.0,2235,297,NS,Regular Season - 18,100,2025
1325072,2025-07-05T09:30:00+00:00,1751707800,11578.0,4326,10409,NS,Regular Season - 19,100,2025
1325073,2025-07-05T09:00:00+00:00,1751706000,11585.0,7145,2235,NS,Regular Season - 19,100,2025
1325074,2025-07-05T09:00:00+00:00,1751706000,969.0,304,756,NS,Regular Season - 19,100,2025
1325075,2025-07-06T09:00:00+00:00,1751792400,3305.0,4323,7138,NS,Regular Season - 19,100,2025
1325076,2025-07-05T09:00:00+00:00,1751706000,987.0,300,4318,NS,Regular Season - 19,100,2025
1325077,2025-07-05T09:00:00+00:00,1751706000,3298.0,4314,7129,NS,Regular Season - 19,100,2025
1325078,2025-07-06T10:00:00+00:00,1751796000,958.0,297,4324,NS,Regular Season - 19,100,2025
1325079,2025-07-05T09:00:00+00:00,1751706000,5191.0,7135,805,NS,Regular Season - 19,100,2025
1325080,2025-07-05T10:00:00+00:00,1751709600,11577.0,4319,317,NS,Regular Season - 19,100,2025
1325081,2025-07-05T10:00:00+00:00,1751709600,11575.0,2236,315,NS,Regular Season - 19,100,2025
1325082,2025-07-12T09:30:00+00:00,1752312600,11578.0,4326,297,NS,Regular Season - 20,100,2025
1325083,2025-07-12T10:00:00+00:00,1752314400,2774.0,756,4323,NS,Regular Season - 20,100,2025
1325084,2025-07-12T09:00:00+00:00,1752310800,3306.0,4324,4318,NS,Regular Season - 20,100,2025
1325085,2025-07-12T09:00:00+00:00,1752310800,969.0,304,7135,NS,Regular Season - 20,100,2025
1325086,2025-07-12T09:00:00+00:00,1752310800,3298.0,4314,2236,NS,Regular Season - 20,100,2025
1325087,2025-07-12T09:00:00+00:00,1752310800,20561.0,7138,10409,NS,Regular Season - 20,100,2025
1325088,2025-07-12T09:00:00+00:00,1752310800,1935.0,317,315,NS,Regular Season - 20,100,2025
1325089,2025-07-12T09:00:00+00:00,1752310800,5189.0,7129,300,NS,Regular Season - 20,100,2025
1325090,2025-07-12T09:00:00+00:00,1752310800,2775.0,805,7145,NS,Regular Season - 20,100,2025
1325091,2025-07-12T10:00:00+00:00,1752314400,959.0,2235,4319,NS,Regular Season - 20,100,2025
1325092,2025-07-20T09:00:00+00:00,1753002000,3301.0,4318,2235,NS,Regular Season - 21,100,2025
1325093,2025-07-20T10:00:00+00:00,1753005600,20714.0,315,4324,NS,Regular Season - 21,100,2025
1325094,2025-07-19T09:00:00+00:00,1752915600,11585.0,7145,756,NS,Regular Season - 21,100,2025
1325095,2025-07-19T09:00:00+00:00,1752915600,3305.0,4323,304,NS,Regular Season - 21,100,2025
1325096,2025-07-19T10:00:00+00:00,1752919200,987.0,300,4326,NS,Regular Season - 21,100,2025
1325097,2025-07-21T10:00:00+00:00,1753092000,958.0,297,7135,NS,Regular Season - 21,100,2025
1325098,2025-07-19T10:00:00+00:00,1752919200,11577.0,4319,4314,NS,Regular Season - 21,100,2025
1325099,2025-07-19T09:00:00+00:00,1752915600,1935.0,317,7129,NS,Regular Season - 21,100,2025
1325100,2025-07-21T10:00:00+00:00,1753092000,20519.0,10409,805,NS,Regular Season - 21,100,2025
1325101,2025-07-21T10:00:00+00:00,1753092000,11575.0,2236,7138,NS,Regular Season - 21,100,2025
1325102,2025-07-26T09:30:00+00:00,1753522200,11578.0,4326,4319,NS,Regular Season - 22,100,2025
1325103,2025-07-26T09:00:00+00:00,1753520400,11585.0,7145,315,NS,Regular Season - 22,100,2025
1325104,2025-07-26T10:00:00+00:00,1753524000,2774.0,756,2236,NS,Regular Season - 22,100,2025
1325105,2025-07-26T09:00:00+00:00,1753520400,3306.0,4324,10409,NS,Regular Season - 22,100,2025
1325106,2025-07-26T09:00:00+00:00,1753520400,969.0,304,297,NS,Regular Season - 22,100,2025
1325107,2025-07-26T09:00:00+00:00,1753520400,3298.0,4314,805,NS,Regular Season - 22,100,2025
1325108,2025-07-26T09:00:00+00:00,1753520400,20561.0,7138,317,NS,Regular Season - 22,100,2025
1325109,2025-07-26T09:00:00+00:00,1753520400,5191.0,7135,300,NS,Regular Season - 22,100,2025
1325110,2025-07-26T09:00:00+00:00,1753520400,5189.0,7129,4318,NS,Regular Season - 22,100,2025
1325111,2025-07-26T09:00:00+00:00,1753520400,959.0,2235,4323,NS,Regular Season - 22,100,2025
1325112,2025-08-16T09:00:00+00:00,1755334800,3301.0,4318,7145,NS,Regular Season - 23,100,2025
1325113,2025-08-16T10:00:00+00:00,1755338400,20714.0,315,4314,NS,Regular Season - 23,100,2025
1325114,2025-08-16T10:00:00+00:00,1755338400,2774.0,756,7138,NS,Regular Season - 23,100,2025
1325115,2025-08-16T10:00:00+00:00,1755338400,969.0,304,2235,NS,Regular Season - 23,100,2025
1325116,2025-08-16T09:00:00+00:00,1755334800,3305.0,4323,4326,NS,Regular Season - 23,100,2025
1325117,2025-08-16T10:00:00+00:00,1755338400,987.0,300,10409,NS,Regular Season - 23,100,2025
1325118,2025-08-16T10:00:00+00:00,1755338400,11577.0,4319,7129,NS,Regular Season - 23,100,2025
1325119,2025-08-16T09:00:00+00:00,1755334800,1935.0,317,297,NS,Regular Season - 23,100,2025
1325120,2025-08-16T09:00:00+00:00,1755334800,2775.0,805,7135,NS,Regular Season - 23,100,2025
1325121,2025-08-16T10:00:00+00:00,1755338400,11575.0,2236,4324,NS,Regular Season - 23,100,2025
1325122,2025-08-23T09:30:00+00:00,1755941400,11578.0,4326,7138,NS,Regular Season - 24,100,2025
1325123,2025-08-23T09:00:00+00:00,1755939600,11585.0,7145,300,NS,Regular Season - 24,100,2025
1325124,2025-08-23T10:00:00+00:00,1755943200,2774.0,756,315,NS,Regular Season - 24,100,2025
1325125,2025-08-23T09:00:00+00:00,1755939600,3306.0,4324,805,NS,Regular Season - 24,100,2025
1325126,2025-08-24T10:00:00+00:00,1756029600,958.0,297,4318,NS,Regular Season - 24,100,2025
1325127,2025-08-23T09:00:00+00:00,1755939600,5191.0,7135,7129,NS,Regular Season - 24,100,2025
1325128,2025-08-23T10:00:00+00:00,1755943200,11577.0,4319,304,NS,Regular Season - 24,100,2025
1325129,2025-08-23T10:00:00+00:00,1755943200,20519.0,10409,4314,NS,Regular Season - 24,100,2025
1325130,2025-08-24T10:00:00+00:00,1756029600,11575.0,2236,4323,NS,Regular Season - 24,100,2025
1325131,2025-08-23T09:00:00+00:00,1755939600,959.0,2235,317,NS,Regular Season - 24,100,2025
1325132,2025-08-30T09:00:00+00:00,1756544400,3301.0,4318,2236,NS,Regular Season - 25,100,2025
1325133,2025-08-30T10:00:00+00:00,1756548000,20714.0,315,7135,NS,Regular Season - 25,100,2025
1325134,2025-08-30T09:00:00+00:00,1756544400,969.0,304,4326,NS,Regular Season - 25,100,2025
1325135,2025-08-30T09:00:00+00:00,1756544400,3305.0,4323,805,NS,Regular Season - 25,100,2025
1325136,2025-08-30T10:00:00+00:00,1756548000,987.0,300,4319,NS,Regular Season - 25,100,2025
1325137,2025-08-30T09:00:00+00:00,1756544400,3298.0,4314,7145,NS,Regular Season - 25,100,2025
1325138,2025-08-30T10:00:00+00:00,1756548000,958.0,297,2235,NS,Regular Season - 25,100,2025
1325139,2025-08-30T09:00:00+00:00,1756544400,20561.0,7138,4324,NS,Regular Season - 25,100,2025
1325140,2025-08-31T09:00:00+00:00,1756630800,1935.0,317,756,NS,Regular Season - 25,100,2025
1325141,2025-08-30T09:00:00+00:00,1756544400,5189.0,7129,10409,NS,Regular Season - 25,100,2025
1325142,2025-09-06T00:00:00+00:00,1757116800,11578.0,4326,4314,TBD,Regular Season - 26,100,2025
1325143,2025-09-06T00:00:00+00:00,1757116800,11585.0,7145,304,TBD,Regular Season - 26,100,2025
1325144,2025-09-06T00:00:00+00:00,1757116800,3306.0,4324,4323,TBD,Regular Season - 26,100,2025
1325145,2025-09-07T00:00:00+00:00,1757203200,987.0,300,7138,TBD,Regular Season - 26,100,2025
1325146,2025-09-06T00:00:00+00:00,1757116800,5191.0,7135,317,TBD,Regular Season - 26,100,2025
1325147,2025-09-06T00:00:00+00:00,1757116800,11577.0,4319,4318,TBD,Regular Season - 26,100,2025
1325148,2025-09-06T00:00:00+00:00,1757116800,2775.0,805,297,TBD,Regular Season - 26,100,2025
1325149,2025-09-06T00:00:00+00:00,1757116800,20519.0,10409,315,TBD,Regular Season - 26,100,2025
1325150,2025-09-06T00:00:00+00:00,1757116800,11575.0,2236,7129,TBD,Regular Season - 26,100,2025
1325151,2025-09-06T00:00:00+00:00,1757116800,959.0,2235,756,TBD,Regular Season - 26,100,2025
1325152,2025-09-13T00:00:00+00:00,1757721600,3301.0,4318,317,TBD,Regular Season - 27,100,2025
1325153,2025-09-13T00:00:00+00:00,1757721600,3306.0,4324,297,TBD,Regular Season - 27,100,2025
1325154,2025-09-13T00:00:00+00:00,1757721600,969.0,304,4314,TBD,Regular Season - 27,100,2025
1325155,2025-09-13T00:00:00+00:00,1757721600,3305.0,4323,4319,TBD,Regular Season - 27,100,2025
1325156,2025-09-15T00:00:00+00:00,1757894400,20561.0,7138,7145,TBD,Regular Season - 27,100,2025
1325157,2025-09-13T00:00:00+00:00,1757721600,5191.0,7135,2236,TBD,Regular Season - 27,100,2025
1325158,2025-09-14T00:00:00+00:00,1757808000,5189.0,7129,315,TBD,Regular Season - 27,100,2025
1325159,2025-09-13T00:00:00+00:00,1757721600,2775.0,805,756,TBD,Regular Season - 27,100,2025
1325160,2025-09-14T00:00:00+00:00,1757808000,20519.0,10409,4326,TBD,Regular Season - 27,100,2025
1325161,2025-09-15T00:00:00+00:00,1757894400,959.0,2235,300,TBD,Regular Season - 27,100,2025
1325162,2025-09-20T00:00:00+00:00,1758326400,11578.0,4326,4318,TBD,Regular Season - 28,100,2025
1325163,2025-09-20T00:00:00+00:00,1758326400,978.0,315,2235,TBD,Regular Season - 28,100,2025
1325164,2025-09-20T00:00:00+00:00,1758326400,11585.0,7145,7129,TBD,Regular Season - 28,100,2025
1325165,2025-09-20T00:00:00+00:00,1758326400,987.0,300,304,TBD,Regular Season - 28,100,2025
1325166,2025-09-20T00:00:00+00:00,1758326400,3298.0,4314,7135,TBD,Regular Season - 28,100,2025
1325167,2025-09-20T00:00:00+00:00,1758326400,958.0,297,4323,TBD,Regular Season - 28,100,2025
1325168,2025-09-19T00:00:00+00:00,1758240000,20561.0,7138,805,TBD,Regular Season - 28,100,2025
1325169,2025-09-20T00:00:00+00:00,1758326400,11577.0,4319,756,TBD,Regular Season - 28,100,2025
1325170,2025-09-21T00:00:00+00:00,1758412800,1935.0,317,4324,TBD,Regular Season - 28,100,2025
1325171,2025-09-20T00:00:00+00:00,1758326400,11575.0,2236,10409,TBD,Regular Season - 28,100,2025
1325172,2025-09-26T00:00:00+00:00,1758844800,11578.0,4326,2236,TBD,Regular Season - 29,100,2025
1325173,2025-09-28T00:00:00+00:00,1759017600,3301.0,4318,4323,TBD,Regular Season - 29,100,2025
1325174,2025-09-27T00:00:00+00:00,1758931200,11585.0,7145,4319,TBD,Regular Season - 29,100,2025
1325175,2025-09-27T00:00:00+00:00,1758931200,2774.0,756,4324,TBD,Regular Season - 29,100,2025
1325176,2025-09-28T00:00:00+00:00,1759017600,969.0,304,315,TBD,Regular Season - 29,100,2025
1325177,2025-09-27T00:00:00+00:00,1758931200,987.0,300,317,TBD,Regular Season - 29,100,2025
1325178,2025-09-27T00:00:00+00:00,1758931200,3298.0,4314,297,TBD,Regular Season - 29,100,2025
1325179,2025-09-27T00:00:00+00:00,1758931200,5191.0,7135,7138,TBD,Regular Season - 29,100,2025
1325180,2025-09-27T00:00:00+00:00,1758931200,2775.0,805,7129,TBD,Regular Season - 29,100,2025
1325181,2025-09-27T00:00:00+00:00,1758931200,20519.0,10409,2235,TBD,Regular Season - 29,100,2025
1325182,2025-10-05T00:00:00+00:00,1759622400,3301.0,4318,304,TBD,Regular Season - 30,100,2025
1325183,2025-10-05T00:00:00+00:00,1759622400,20714.0,315,805,TBD,Regular Season - 30,100,2025
1325184,2025-10-04T00:00:00+00:00,1759536000,3306.0,4324,4326,TBD,Regular Season - 30,100,2025
1325185,2025-10-04T00:00:00+00:00,1759536000,3305.0,4323,300,TBD,Regular Season - 30,100,2025
1325186,2025-10-04T00:00:00+00:00,1759536000,958.0,297,756,TBD,Regular Season - 30,100,2025
1325187,2025-10-05T00:00:00+00:00,1759622400,11577.0,4319,7138,TBD,Regular Season - 30,100,2025
1325188,2025-10-05T00:00:00+00:00,1759622400,1935.0,317,10409,TBD,Regular Season - 30,100,2025
1325189,2025-10-05T00:00:00+00:00,1759622400,5189.0,7129,4314,TBD,Regular Season - 30,100,2025
1325190,2025-10-04T00:00:00+00:00,1759536000,11575.0,2236,7145,TBD,Regular Season - 30,100,2025
1325191,2025-10-04T00:00:00+00:00,1759536000,959.0,2235,7135,TBD,Regular Season - 30,100,2025
1325192,2025-10-12T00:00:00+00:00,1760227200,20714.0,315,4318,TBD,Regular Season - 31,100,2025
1325193,2025-10-11T00:00:00+00:00,1760140800,11585.0,7145,7135,TBD,Regular Season - 31,100,2025
1325194,2025-10-12T00:00:00+00:00,1760227200,2774.0,756,4326,TBD,Regular Season - 31,100,2025
1325195,2025-10-12T00:00:00+00:00,1760227200,969.0,304,10409,TBD,Regular Season - 31,100,2025
1325196,2025-10-13T00:00:00+00:00,1760313600,3305.0,4323,317,TBD,Regular Season - 31,100,2025
1325197,2025-10-12T00:00:00+00:00,1760227200,987.0,300,4314,TBD,Regular Season - 31,100,2025
1325198,2025-10-11T00:00:00+00:00,1760140800,20561.0,7138,2235,PST,Regular Season - 31,100,2025
1325199,2025-10-12T00:00:00+00:00,1760227200,11577.0,4319,4324,TBD,Regular Season - 31,100,2025
1325200,2025-10-12T00:00:00+00:00,1760227200,5189.0,7129,297,TBD,Regular Season - 31,100,2025
1325201,2025-10-11T00:00:00+00:00,1760140800,2775.0,805,2236,TBD,Regular Season - 31,100,2025
1325202,2025-10-19T00:00:00+00:00,1760832000,11578.0,4326,315,TBD,Regular Season - 32,100,2025
1325203,2025-10-18T00:00:00+00:00,1760745600,2774.0,756,4318,TBD,Regular Season - 32,100,2025
1325204,2025-10-19T00:00:00+00:00,1760832000,3306.0,4324,304,TBD,Regular Season - 32,100,2025
1325205,2025-10-19T00:00:00+00:00,1760832000,987.0,300,297,TBD,Regular Season - 32,100,2025
1325206,2025-10-19T00:00:00+00:00,1760832000,3298.0,4314,7138,TBD,Regular Season - 32,100,2025
1325207,2025-10-18T00:00:00+00:00,1760745600,5191.0,7135,4323,TBD,Regular Season - 32,100,2025
1325208,2025-10-19T00:00:00+00:00,1760832000,1935.0,317,805,TBD,Regular Season - 32,100,2025
1325209,2025-10-19T00:00:00+00:00,1760832000,20519.0,10409,7145,TBD,Regular Season - 32,100,2025
1325210,2025-10-18T00:00:00+00:00,1760745600,11575.0,2236,4319,TBD,Regular Season - 32,100,2025
1325211,2025-10-18T00:00:00+00:00,1760745600,959.0,2235,7129,TBD,Regular Season - 32,100,2025
1325212,2025-10-26T00:00:00+00:00,1761436800,3301.0,4318,300,TBD,Regular Season - 33,100,2025
1325213,2025-10-25T00:00:00+00:00,1761350400,11585.0,7145,4326,TBD,Regular Season - 33,100,2025
1325214,2025-10-25T00:00:00+00:00,1761350400,2774.0,756,7135,TBD,Regular Season - 33,100,2025
1325215,2025-10-26T00:00:00+00:00,1761436800,969.0,304,317,TBD,Regular Season - 33,100,2025
1325216,2025-10-25T00:00:00+00:00,1761350400,3305.0,4323,4314,TBD,Regular Season - 33,100,2025
1325217,2025-10-25T00:00:00+00:00,1761350400,958.0,297,2236,TBD,Regular Season - 33,100,2025
1325218,2025-10-24T00:00:00+00:00,1761264000,20561.0,7138,315,TBD,Regular Season - 33,100,2025
1325219,2025-10-26T00:00:00+00:00,1761436800,11577.0,4319,10409,TBD,Regular Season - 33,100,2025
1325220,2025-10-26T00:00:00+00:00,1761436800,5189.0,7129,4324,TBD,Regular Season - 33,100,2025
1325221,2025-10-25T00:00:00+00:00,1761350400,2775.0,805,2235,TBD,Regular Season - 33,100,2025
1325222,2025-11-02T00:00:00+00:00,1762041600,11578.0,4326,805,TBD,Regular Season - 34,100,2025
1325223,2025-11-02T00:00:00+00:00,1762041600,3301.0,4318,7138,TBD,Regular Season - 34,100,2025
1325224,2025-11-02T00:00:00+00:00,1762041600,978.0,315,297,TBD,Regular Season - 34,100,2025
1325225,2025-11-02T00:00:00+00:00,1762041600,3305.0,4323,7129,TBD,Regular Season - 34,100,2025
1325226,2025-11-02T00:00:00+00:00,1762041600,987.0,300,756,TBD,Regular Season - 34,100,2025
1325227,2025-11-02T00:00:00+00:00,1762041600,3298.0,4314,4324,TBD,Regular Season - 34,100,2025
1325228,2025-11-02T00:00:00+00:00,1762041600,1935.0,317,4319,TBD,Regular Season - 34,100,2025
1325229,2025-11-02T00:00:00+00:00,1762041600,20519.0,10409,7135,TBD,Regular Season - 34,100,2025
1325230,2025-11-02T00:00:00+00:00,1762041600,11575.0,2236,304,TBD,Regular Season - 34,100,2025
1325231,2025-11-03T00:00:00+00:00,1762128000,959.0,2235,7145,TBD,Regular Season - 34,100,2025
1325232,2025-11-09T00:00:00+00:00,1762646400,20714.0,315,2236,TBD,Regular Season - 35,100,2025
1325233,2025-11-08T00:00:00+00:00,1762560000,11585.0,7145,317,TBD,Regular Season - 35,100,2025
1325234,2025-11-09T00:00:00+00:00,1762646400,3306.0,4324,300,TBD,Regular Season - 35,100,2025
1325235,2025-11-09T00:00:00+00:00,1762646400,958.0,297,4319,TBD,Regular Season - 35,100,2025
1325236,2025-11-08T00:00:00+00:00,1762560000,20561.0,7138,4323,PST,Regular Season - 35,100,2025
1325237,2025-11-08T00:00:00+00:00,1762560000,5191.0,7135,4326,TBD,Regular Season - 35,100,2025
1325238,2025-11-09T00:00:00+00:00,1762646400,5189.0,7129,304,TBD,Regular Season - 35,100,2025
1325239,2025-11-09T00:00:00+00:00,1762646400,2775.0,805,4318,TBD,Regular Season - 35,100,2025
1325240,2025-11-09T00:00:00+00:00,1762646400,20519.0,10409,756,TBD,Regular Season - 35,100,2025
1325241,2025-11-09T00:00:00+00:00,1762646400,959.0,2235,4314,TBD,Regular Season - 35,100,2025
1325242,2025-11-16T00:00:00+00:00,1763251200,3301.0,4318,7135,TBD,Regular Season - 36,100,2025
1325243,2025-11-16T00:00:00+00:00,1763251200,3306.0,4324,2235,TBD,Regular Season - 36,100,2025
1325244,2025-11-15T00:00:00+00:00,1763164800,969.0,304,7138,TBD,Regular Season - 36,100,2025
1325245,2025-11-15T00:00:00+00:00,1763164800,3305.0,4323,10409,TBD,Regular Season - 36,100,2025
1325246,2025-11-16T00:00:00+00:00,1763251200,987.0,300,315,TBD,Regular Season - 36,100,2025
1325247,2025-11-16T00:00:00+00:00,1763251200,3298.0,4314,756,TBD,Regular Season - 36,100,2025
1325248,2025-11-15T00:00:00+00:00,1763164800,958.0,297,7145,TBD,Regular Season - 36,100,2025
1325249,2025-11-16T00:00:00+00:00,1763251200,11577.0,4319,805,TBD,Regular Season - 36,100,2025
1325250,2025-11-16T00:00:00+00:00,1763251200,1935.0,317,2236,TBD,Regular Season - 36,100,2025
1325251,2025-11-15T00:00:00+00:00,1763164800,5189.0,7129,4326,TBD,Regular Season - 36,100,2025
1325252,2025-11-23T00:00:00+00:00,1763856000,11578.0,4326,317,TBD,Regular Season - 37,100,2025
1325253,2025-11-23T00:00:00+00:00,1763856000,978.0,315,4319,TBD,Regular Season - 37,100,2025
1325254,2025-11-23T00:00:00+00:00,1763856000,11585.0,7145,4323,TBD,Regular Season - 37,100,2025
1325255,2025-11-23T00:00:00+00:00,1763856000,2774.0,756,304,TBD,Regular Season - 37,100,2025
1325256,2025-11-23T00:00:00+00:00,1763856000,3298.0,4314,4318,TBD,Regular Season - 37,100,2025
1325257,2025-11-24T00:00:00+00:00,1763942400,20561.0,7138,7129,TBD,Regular Season - 37,100,2025
1325258,2025-11-24T00:00:00+00:00,1763942400,5191.0,7135,4324,TBD,Regular Season - 37,100,2025
1325259,2025-11-23T00:00:00+00:00,1763856000,2775.0,805,300,TBD,Regular Season - 37,100,2025
1325260,2025-11-23T00:00:00+00:00,1763856000,20519.0,10409,297,TBD,Regular Season - 37,100,2025
1325261,2025-11-23T00:00:00+00:00,1763856000,11575.0,2236,2235,TBD,Regular Season - 37,100,2025
1325262,2025-11-29T00:00:00+00:00,1764374400,3301.0,4318,10409,TBD,Regular Season - 38,100,2025
1325263,2025-11-29T00:00:00+00:00,1764374400,3306.0,4324,7145,TBD,Regular Season - 38,100,2025
1325264,2025-11-29T00:00:00+00:00,1764374400,969.0,304,805,TBD,Regular Season - 38,100,2025
1325265,2025-11-29T00:00:00+00:00,1764374400,3305.0,4323,315,TBD,Regular Season - 38,100,2025
1325266,2025-11-29T00:00:00+00:00,1764374400,987.0,300,2236,TBD,Regular Season - 38,100,2025
1325267,2025-11-29T00:00:00+00:00,1764374400,958.0,297,7138,TBD,Regular Season - 38,100,2025
1325268,2025-11-29T00:00:00+00:00,1764374400,11577.0,4319,7135,TBD,Regular Season - 38,100,2025
1325269,2025-11-29T00:00:00+00:00,1764374400,1935.0,317,4314,TBD,Regular Season - 38,100,2025
1325270,2025-11-29T00:00:00+00:00,1764374400,5189.0,7129,756,TBD,Regular Season - 38,100,2025
1325271,2025-11-29T00:00:00+00:00,1764374400,959.0,2235,4326,TBD,Regular Season - 38,100,2025
1332404,2025-01-18T20:00:00+00:00,1737230400,20764.0,2384,2379,FT,Friendlies 1,10,2025
1332405,2025-01-23T00:00:00+00:00,1737590400,20500.0,2384,29,FT,Friendlies 1,10,2025
1332406,2025-03-20T11:00:00+00:00,1742468400,21416.0,1536,1100,FT,Friendlies 2,10,2025
1332407,2025-01-27T17:00:00+00:00,1737997200,,1568,1548,FT,Friendlies 3,10,2025
1332407,2025-01-27T17:00:00+00:00,1737997200,,1568,1548,FT,Friendlies 3,10,2025
1332510,2025-01-04T17:15:00+00:00,1736010900,,1502,1511,FT,Friendlies 1,10,2025
1332510,2025-01-04T17:15:00+00:00,1736010900,,1502,1511,FT,Friendlies 1,10,2025
1332511,2025-01-07T17:15:00+00:00,1736270100,,1489,1511,FT,Friendlies 1,10,2025
1332511,2025-01-07T17:15:00+00:00,1736270100,,1489,1511,FT,Friendlies 1,10,2025
1332512,2025-01-09T16:00:00+00:00,1736438400,,1489,1502,FT,Friendlies 1,10,2025
1332512,2025-01-09T16:00:00+00:00,1736438400,,1489,1502,FT,Friendlies 1,10,2025
1334649,2025-03-22T17:00:00+00:00,1742662800,,1102,5,FT,Friendlies 1,10,2025
1334649,2025-03-22T17:00:00+00:00,1742662800,,1102,5,FT,Friendlies 1,10,2025
1334978,2025-03-25T17:45:00+00:00,1742924700,,1096,1100,FT,Friendlies 2,10,2025
1334978,2025-03-25T17:45:00+00:00,1742924700,,1096,1100,FT,Friendlies 2,10,2025
1335101,2025-02-07T00:30:00+00:00,1738888200,20384.0,2385,5168,FT,Friendlies 2,10,2025
1335102,2025-02-10T01:00:00+00:00,1739149200,2240.0,2385,5168,FT,Friendlies 2,10,2025
1335517,2025-02-08T23:30:00+00:00,1739057400,316.0,2383,11,FT,Friendlies 1,10,2025
1335518,2025-03-25T18:00:00+00:00,1742925600,21411.0,5,771,FT,Friendlies 1,10,2025
1337510,2025-10-09T00:00:00+00:00,1759968000,,774,1114,TBD,Friendlies 1,10,2025
1337510,2025-10-09T00:00:00+00:00,1759968000,,774,1114,TBD,Friendlies 1,10,2025
1338605,2025-03-25T19:45:00+00:00,1742931900,1543.0,15,1102,FT,Friendlies 1,10,2025
1339001,2025-03-16T19:00:00+00:00,1742151600,20764.0,4672,5161,FT,Friendlies 1,10,2025
1339002,2025-06-06T18:45:00+00:00,1749235500,2617.0,1108,18,NS,Friendlies 1,10,2025
1339003,2025-06-09T16:00:00+00:00,1749484800,1545.0,1107,1108,NS,Friendlies 1,10,2025
1339004,2025-06-09T18:00:00+00:00,1749492000,,1109,1094,NS,Friendlies 2,10,2025
1339004,2025-06-09T18:00:00+00:00,1749492000,,1109,1094,NS,Friendlies 2,10,2025
1339005,2025-10-13T16:00:00+00:00,1760371200,,1109,1107,NS,Friendlies 2,10,2025
1339005,2025-10-13T16:00:00+00:00,1760371200,,1109,1107,NS,Friendlies 2,10,2025
1339898,2025-06-06T17:30:00+00:00,1749231000,19605.0,769,5,NS,Friendlies 1,10,2025
1339899,2025-06-10T16:00:00+00:00,1749571200,,1096,769,NS,Friendlies 1,10,2025
1339899,2025-06-10T16:00:00+00:00,1749571200,,1096,769,NS,Friendlies 1,10,2025
1340027,2025-06-06T16:00:00+00:00,1749225600,19922.0,1103,1106,NS,Friendlies 1,10,2025
1340028,2025-11-18T00:00:00+00:00,1763424000,,1106,1101,TBD,Friendlies 2,10,2025
1340028,2025-11-18T00:00:00+00:00,1763424000,,1106,1101,TBD,Friendlies 2,10,2025
1343642,2025-03-28T18:30:00+00:00,1743186600,4903.0,12577,22935,FT,Norra Götaland - 1,592,2025
1343643,2025-03-29T12:00:00+00:00,1743249600,19413.0,18422,6713,FT,Norra Götaland - 1,592,2025
1343644,2025-03-29T12:00:00+00:00,1743249600,7970.0,12570,12573,FT,Norra Götaland - 1,592,2025
1343645,2025-03-29T13:00:00+00:00,1743253200,,6670,23660,FT,Norra Götaland - 1,592,2025
1343646,2025-03-29T12:45:00+00:00,1743252300,20713.0,23655,12598,FT,Norra Götaland - 1,592,2025
1343647,2025-03-30T12:00:00+00:00,1743336000,,25569,11673,FT,Norra Götaland - 1,592,2025
1343648,2025-03-30T14:00:00+00:00,1743343200,,12618,12622,FT,Norra Götaland - 1,592,2025
1343649,2025-04-04T17:00:00+00:00,1743786000,20511.0,22935,6670,FT,Norra Götaland - 2,592,2025
1343650,2025-04-05T12:00:00+00:00,1743854400,7655.0,11673,23655,FT,Norra Götaland - 2,592,2025
1343651,2025-04-05T11:00:00+00:00,1743850800,,12622,18422,FT,Norra Götaland - 2,592,2025
1343652,2025-04-05T13:00:00+00:00,1743858000,7972.0,12573,25569,FT,Norra Götaland - 2,592,2025
1343653,2025-04-05T14:00:00+00:00,1743861600,7994.0,12598,12570,FT,Norra Götaland - 2,592,2025
1343654,2025-04-04T17:30:00+00:00,1743787800,,23660,12577,FT,Norra Götaland - 2,592,2025
1343655,2025-04-06T14:00:00+00:00,1743948000,4903.0,6713,12618,FT,Norra Götaland - 2,592,2025
1343656,2025-04-12T11:00:00+00:00,1744455600,20713.0,23655,22935,FT,Norra Götaland - 3,592,2025
1343657,2025-04-12T11:00:00+00:00,1744455600,4903.0,6713,12573,FT,Norra Götaland - 3,592,2025
1343658,2025-04-12T11:00:00+00:00,1744455600,7994.0,12598,23660,FT,Norra Götaland - 3,592,2025
1343659,2025-04-13T14:00:00+00:00,1744552800,7970.0,12570,18422,FT,Norra Götaland - 3,592,2025
1343660,2025-04-12T13:00:00+00:00,1744462800,4869.0,6670,11673,FT,Norra Götaland - 3,592,2025
1343661,2025-04-11T17:30:00+00:00,1744392600,,25569,12618,FT,Norra Götaland - 3,592,2025
1343662,2025-04-13T11:00:00+00:00,1744542000,20726.0,12622,12577,FT,Norra Götaland - 3,592,2025
1343663,2025-04-18T11:00:00+00:00,1744974000,7972.0,12573,12598,FT,Norra Götaland - 4,592,2025
1343664,2025-04-18T12:00:00+00:00,1744977600,4903.0,12577,6670,FT,Norra Götaland - 4,592,2025
1343665,2025-04-18T11:00:00+00:00,1744974000,20713.0,23655,12570,FT,Norra Götaland - 4,592,2025
1343666,2025-04-18T11:00:00+00:00,1744974000,8009.0,12618,23660,FT,Norra Götaland - 4,592,2025
1343667,2025-04-18T13:00:00+00:00,1744981200,,25569,6713,FT,Norra Götaland - 4,592,2025
1343668,2025-04-17T17:15:00+00:00,1744910100,19413.0,18422,22935,FT,Norra Götaland - 4,592,2025
1343669,2025-04-20T12:00:00+00:00,1745150400,7655.0,11673,12622,FT,Norra Götaland - 4,592,2025
1343670,2025-04-25T16:30:00+00:00,1745598600,7972.0,12573,12577,FT,Norra Götaland - 5,592,2025
1343671,2025-04-26T12:00:00+00:00,1745668800,20511.0,22935,11673,FT,Norra Götaland - 5,592,2025
1343672,2025-04-24T17:00:00+00:00,1745514000,,23660,23655,FT,Norra Götaland - 5,592,2025
1343673,2025-04-26T11:00:00+00:00,1745665200,4903.0,6713,12622,FT,Norra Götaland - 5,592,2025
1343674,2025-04-27T14:00:00+00:00,1745762400,7970.0,12570,12618,FT,Norra Götaland - 5,592,2025
1343675,2025-04-26T12:00:00+00:00,1745668800,4869.0,6670,25569,FT,Norra Götaland - 5,592,2025
1343676,2025-04-26T11:00:00+00:00,1745665200,7994.0,12598,18422,FT,Norra Götaland - 5,592,2025
1343677,2025-05-02T16:30:00+00:00,1746203400,20726.0,12622,12598,FT,Norra Götaland - 6,592,2025
1343678,2025-05-02T17:30:00+00:00,1746207000,4903.0,12577,25569,FT,Norra Götaland - 6,592,2025
1343679,2025-05-03T11:00:00+00:00,1746270000,7970.0,12570,6713,FT,Norra Götaland - 6,592,2025
1343680,2025-05-03T12:00:00+00:00,1746273600,7655.0,11673,18422,FT,Norra Götaland - 6,592,2025
1343681,2025-05-03T11:00:00+00:00,1746270000,20713.0,23655,6670,FT,Norra Götaland - 6,592,2025
1343682,2025-05-01T11:00:00+00:00,1746097200,8009.0,12618,12573,FT,Norra Götaland - 6,592,2025
1343683,2025-05-04T14:00:00+00:00,1746367200,,23660,22935,FT,Norra Götaland - 6,592,2025
1343684,2025-05-09T17:30:00+00:00,1746811800,4903.0,12577,12618,FT,Norra Götaland - 7,592,2025
1343685,2025-05-10T12:00:00+00:00,1746878400,4869.0,6670,12598,FT,Norra Götaland - 7,592,2025
1343686,2025-05-10T12:00:00+00:00,1746878400,20511.0,22935,12622,FT,Norra Götaland - 7,592,2025
1343687,2025-05-09T17:00:00+00:00,1746810000,,25569,23660,FT,Norra Götaland - 7,592,2025
1343688,2025-05-11T11:00:00+00:00,1746961200,19413.0,18422,12573,FT,Norra Götaland - 7,592,2025
1343689,2025-05-10T14:00:00+00:00,1746885600,20713.0,23655,6713,FT,Norra Götaland - 7,592,2025
1343690,2025-05-11T12:00:00+00:00,1746964800,7655.0,11673,12570,FT,Norra Götaland - 7,592,2025
1343691,2025-05-16T17:15:00+00:00,1747415700,19413.0,18422,12577,FT,Norra Götaland - 8,592,2025
1343692,2025-05-17T12:00:00+00:00,1747483200,,23660,12570,FT,Norra Götaland - 8,592,2025
1343693,2025-05-17T14:00:00+00:00,1747490400,7972.0,12573,6670,FT,Norra Götaland - 8,592,2025
1343694,2025-05-17T14:00:00+00:00,1747490400,20726.0,12622,23655,FT,Norra Götaland - 8,592,2025
1343695,2025-05-16T17:30:00+00:00,1747416600,7994.0,12598,12618,FT,Norra Götaland - 8,592,2025
1343696,2025-05-17T12:00:00+00:00,1747483200,20511.0,22935,25569,FT,Norra Götaland - 8,592,2025
1343697,2025-05-18T14:00:00+00:00,1747576800,4903.0,6713,11673,FT,Norra Götaland - 8,592,2025
1343698,2025-05-23T17:15:00+00:00,1748020500,4869.0,6670,6713,NS,Norra Götaland - 9,592,2025
1343699,2025-05-24T14:00:00+00:00,1748095200,7970.0,12570,22935,NS,Norra Götaland - 9,592,2025
1343700,2025-05-23T17:00:00+00:00,1748019600,8009.0,12618,23655,NS,Norra Götaland - 9,592,2025
1343701,2025-05-24T14:00:00+00:00,1748095200,7655.0,11673,23660,NS,Norra Götaland - 9,592,2025
1343702,2025-05-24T14:00:00+00:00,1748095200,4903.0,12577,12598,NS,Norra Götaland - 9,592,2025
1343703,2025-05-25T13:00:00+00:00,1748178000,,25569,18422,NS,Norra Götaland - 9,592,2025
1343704,2025-05-24T14:00:00+00:00,1748095200,20726.0,12622,12573,NS,Norra Götaland - 9,592,2025
1343705,2025-05-29T11:00:00+00:00,1748516400,20713.0,23655,25569,NS,Norra Götaland - 10,592,2025
1343706,2025-05-31T12:00:00+00:00,1748692800,,23660,12622,NS,Norra Götaland - 10,592,2025
1343707,2025-05-28T17:00:00+00:00,1748451600,7970.0,12570,6670,NS,Norra Götaland - 10,592,2025
1343708,2025-05-29T11:00:00+00:00,1748516400,19413.0,18422,12618,NS,Norra Götaland - 10,592,2025
1343709,2025-05-29T12:00:00+00:00,1748520000,20511.0,22935,12598,NS,Norra Götaland - 10,592,2025
1343710,2025-06-01T12:00:00+00:00,1748779200,7655.0,11673,12573,NS,Norra Götaland - 10,592,2025
1343711,2025-06-02T17:15:00+00:00,1748884500,4903.0,6713,12577,NS,Norra Götaland - 10,592,2025
1343712,2025-06-06T12:00:00+00:00,1749211200,4869.0,6670,12622,NS,Norra Götaland - 11,592,2025
1343713,2025-06-06T13:00:00+00:00,1749214800,7972.0,12573,22935,NS,Norra Götaland - 11,592,2025
1343714,2025-06-06T13:00:00+00:00,1749214800,4903.0,12577,23655,NS,Norra Götaland - 11,592,2025
1343715,2025-06-07T11:00:00+00:00,1749294000,19413.0,18422,23660,NS,Norra Götaland - 11,592,2025
1343716,2025-06-06T13:00:00+00:00,1749214800,7994.0,12598,6713,NS,Norra Götaland - 11,592,2025
1343717,2025-06-07T14:00:00+00:00,1749304800,,25569,12570,NS,Norra Götaland - 11,592,2025
1343718,2025-06-06T11:00:00+00:00,1749207600,8009.0,12618,11673,NS,Norra Götaland - 11,592,2025
1343719,2025-06-12T17:00:00+00:00,1749747600,7655.0,11673,12598,NS,Norra Götaland - 12,592,2025
1343720,2025-06-14T11:00:00+00:00,1749898800,8009.0,12618,6670,NS,Norra Götaland - 12,592,2025
1343721,2025-06-14T14:00:00+00:00,1749909600,,12622,25569,NS,Norra Götaland - 12,592,2025
1343722,2025-06-13T17:00:00+00:00,1749834000,7970.0,12570,12577,NS,Norra Götaland - 12,592,2025
1343723,2025-06-14T11:00:00+00:00,1749898800,20713.0,23655,18422,NS,Norra Götaland - 12,592,2025
1343724,2025-06-13T17:00:00+00:00,1749834000,,23660,12573,NS,Norra Götaland - 12,592,2025
1343725,2025-06-15T11:00:00+00:00,1749985200,4903.0,6713,22935,NS,Norra Götaland - 12,592,2025
1343726,2025-06-18T17:00:00+00:00,1750266000,7972.0,12573,23655,NS,Norra Götaland - 13,592,2025
1343727,2025-06-19T17:00:00+00:00,1750352400,,6670,18422,NS,Norra Götaland - 13,592,2025
1343728,2025-06-19T17:30:00+00:00,1750354200,20511.0,22935,12618,NS,Norra Götaland - 13,592,2025
1343729,2025-06-19T17:30:00+00:00,1750354200,7994.0,12598,25569,NS,Norra Götaland - 13,592,2025
1343730,2025-06-19T17:30:00+00:00,1750354200,,23660,6713,NS,Norra Götaland - 13,592,2025
1343731,2025-06-22T00:00:00+00:00,1750550400,4903.0,12577,11673,TBD,Norra Götaland - 13,592,2025
1343732,2025-06-22T14:00:00+00:00,1750600800,,12622,12570,NS,Norra Götaland - 13,592,2025
1343733,2025-06-27T17:00:00+00:00,1751043600,,6670,22935,NS,Norra Götaland - 14,592,2025
1343734,2025-06-27T17:30:00+00:00,1751045400,4903.0,12577,12573,NS,Norra Götaland - 14,592,2025
1343735,2025-06-28T12:00:00+00:00,1751112000,7970.0,12570,11673,NS,Norra Götaland - 14,592,2025
1343736,2025-06-25T17:00:00+00:00,1750870800,20713.0,23655,23660,NS,Norra Götaland - 14,592,2025
1343737,2025-06-29T11:00:00+00:00,1751194800,19413.0,18422,12622,NS,Norra Götaland - 14,592,2025
1343738,2025-06-25T17:30:00+00:00,1750872600,,25569,12598,NS,Norra Götaland - 14,592,2025
1343739,2025-06-29T14:00:00+00:00,1751205600,8009.0,12618,6713,NS,Norra Götaland - 14,592,2025
1343740,2025-08-01T17:00:00+00:00,1754067600,,12622,6670,NS,Norra Götaland - 15,592,2025
1343741,2025-08-01T17:30:00+00:00,1754069400,20511.0,22935,23655,NS,Norra Götaland - 15,592,2025
1343742,2025-06-29T13:00:00+00:00,1751202000,,23660,25569,NS,Norra Götaland - 15,592,2025
1343743,2025-08-02T14:00:00+00:00,1754143200,7972.0,12573,18422,NS,Norra Götaland - 15,592,2025
1343744,2025-08-02T12:00:00+00:00,1754136000,7994.0,12598,12577,NS,Norra Götaland - 15,592,2025
1343745,2025-08-01T17:00:00+00:00,1754067600,7655.0,11673,12618,NS,Norra Götaland - 15,592,2025
1343746,2025-08-03T14:00:00+00:00,1754229600,4903.0,6713,12570,NS,Norra Götaland - 15,592,2025
1343747,2025-08-08T16:30:00+00:00,1754670600,7972.0,12573,23660,NS,Norra Götaland - 16,592,2025
1343748,2025-08-08T17:00:00+00:00,1754672400,,6670,12570,NS,Norra Götaland - 16,592,2025
1343749,2025-08-08T17:15:00+00:00,1754673300,4903.0,12577,6713,NS,Norra Götaland - 16,592,2025
1343750,2025-08-09T13:00:00+00:00,1754744400,19413.0,18422,11673,NS,Norra Götaland - 16,592,2025
1343751,2025-08-09T11:00:00+00:00,1754737200,8009.0,12618,12598,NS,Norra Götaland - 16,592,2025
1343752,2025-08-09T14:00:00+00:00,1754748000,20713.0,23655,12622,NS,Norra Götaland - 16,592,2025
1343753,2025-08-10T13:00:00+00:00,1754830800,,25569,22935,NS,Norra Götaland - 16,592,2025
1343754,2025-08-15T17:30:00+00:00,1755279000,20511.0,22935,12577,NS,Norra Götaland - 17,592,2025
1343755,2025-08-15T17:30:00+00:00,1755279000,7994.0,12598,12573,NS,Norra Götaland - 17,592,2025
1343756,2025-08-16T11:00:00+00:00,1755342000,4903.0,6713,6670,NS,Norra Götaland - 17,592,2025
1343757,2025-08-16T14:00:00+00:00,1755352800,,12622,12618,NS,Norra Götaland - 17,592,2025
1343758,2025-08-16T11:00:00+00:00,1755342000,7970.0,12570,23655,NS,Norra Götaland - 17,592,2025
1343759,2025-08-17T12:00:00+00:00,1755432000,7655.0,11673,25569,NS,Norra Götaland - 17,592,2025
1343760,2025-08-17T12:00:00+00:00,1755432000,,23660,18422,NS,Norra Götaland - 17,592,2025
1343761,2025-08-22T16:30:00+00:00,1755880200,7972.0,12573,6713,NS,Norra Götaland - 18,592,2025
1343762,2025-08-23T12:00:00+00:00,1755950400,7970.0,12570,12598,NS,Norra Götaland - 18,592,2025
1343763,2025-08-23T13:00:00+00:00,1755954000,,25569,12622,NS,Norra Götaland - 18,592,2025
1343764,2025-08-23T12:00:00+00:00,1755950400,,23660,11673,NS,Norra Götaland - 18,592,2025
1343765,2025-08-23T12:00:00+00:00,1755950400,,6670,12577,NS,Norra Götaland - 18,592,2025
1343766,2025-08-24T11:00:00+00:00,1756033200,19413.0,18422,23655,NS,Norra Götaland - 18,592,2025
1343767,2025-08-22T18:00:00+00:00,1755885600,8009.0,12618,22935,NS,Norra Götaland - 18,592,2025
1343768,2025-08-29T17:00:00+00:00,1756486800,20713.0,23655,12618,NS,Norra Götaland - 19,592,2025
1343769,2025-08-29T17:30:00+00:00,1756488600,4903.0,12577,18422,NS,Norra Götaland - 19,592,2025
1343770,2025-08-29T17:00:00+00:00,1756486800,7994.0,12598,12622,NS,Norra Götaland - 19,592,2025
1343771,2025-08-30T13:00:00+00:00,1756558800,7972.0,12573,12570,NS,Norra Götaland - 19,592,2025
1343772,2025-08-30T12:00:00+00:00,1756555200,20511.0,22935,23660,NS,Norra Götaland - 19,592,2025
1343773,2025-08-30T12:00:00+00:00,1756555200,7655.0,11673,6670,NS,Norra Götaland - 19,592,2025
1343774,2025-08-31T14:00:00+00:00,1756648800,4903.0,6713,25569,NS,Norra Götaland - 19,592,2025
1343775,2025-09-05T17:30:00+00:00,1757093400,20511.0,22935,6713,NS,Norra Götaland - 20,592,2025
1343776,2025-09-05T17:30:00+00:00,1757093400,4903.0,12577,12570,NS,Norra Götaland - 20,592,2025
1343777,2025-09-06T11:00:00+00:00,1757156400,19413.0,18422,25569,NS,Norra Götaland - 20,592,2025
1343778,2025-09-06T12:00:00+00:00,1757160000,7994.0,12598,23655,NS,Norra Götaland - 20,592,2025
1343779,2025-09-07T00:00:00+00:00,1757203200,,6670,12573,TBD,Norra Götaland - 20,592,2025
1343780,2025-09-05T17:00:00+00:00,1757091600,,23660,12618,NS,Norra Götaland - 20,592,2025
1343781,2025-09-07T14:00:00+00:00,1757253600,,12622,11673,NS,Norra Götaland - 20,592,2025
1343782,2025-09-13T12:00:00+00:00,1757764800,7655.0,11673,22935,NS,Norra Götaland - 21,592,2025
1343783,2025-09-13T14:00:00+00:00,1757772000,4903.0,6713,12598,NS,Norra Götaland - 21,592,2025
1343784,2025-09-13T14:00:00+00:00,1757772000,8009.0,12618,18422,NS,Norra Götaland - 21,592,2025
1343785,2025-09-14T14:00:00+00:00,1757858400,7970.0,12570,23660,NS,Norra Götaland - 21,592,2025
1343786,2025-09-14T00:00:00+00:00,1757808000,20713.0,23655,12577,TBD,Norra Götaland - 21,592,2025
1343787,2025-09-13T13:00:00+00:00,1757768400,,25569,6670,NS,Norra Götaland - 21,592,2025
1343788,2025-09-14T13:00:00+00:00,1757854800,7972.0,12573,12622,NS,Norra Götaland - 21,592,2025
1343789,2025-09-19T17:30:00+00:00,1758303000,20511.0,22935,12573,NS,Norra Götaland - 22,592,2025
1343790,2025-09-20T13:00:00+00:00,1758373200,,25569,12577,NS,Norra Götaland - 22,592,2025
1343791,2025-09-20T12:00:00+00:00,1758369600,,12622,23660,NS,Norra Götaland - 22,592,2025
1343792,2025-09-20T14:00:00+00:00,1758376800,4903.0,6713,23655,NS,Norra Götaland - 22,592,2025
1343793,2025-09-19T17:00:00+00:00,1758301200,19413.0,18422,6670,NS,Norra Götaland - 22,592,2025
1343794,2025-09-19T17:00:00+00:00,1758301200,7994.0,12598,11673,NS,Norra Götaland - 22,592,2025
1343795,2025-09-21T14:00:00+00:00,1758463200,8009.0,12618,12570,NS,Norra Götaland - 22,592,2025
1343796,2025-09-26T17:15:00+00:00,1758906900,20511.0,22935,18422,NS,Norra Götaland - 23,592,2025
1343797,2025-09-27T11:00:00+00:00,1758970800,7970.0,12570,25569,NS,Norra Götaland - 23,592,2025
1343798,2025-09-27T12:00:00+00:00,1758974400,,23660,12598,NS,Norra Götaland - 23,592,2025
1343799,2025-09-27T12:00:00+00:00,1758974400,,6670,23655,NS,Norra Götaland - 23,592,2025
1343800,2025-09-27T13:00:00+00:00,1758978000,7972.0,12573,12618,NS,Norra Götaland - 23,592,2025
1343801,2025-09-28T12:00:00+00:00,1759060800,7655.0,11673,6713,NS,Norra Götaland - 23,592,2025
1343802,2025-09-28T11:00:00+00:00,1759057200,4903.0,12577,12622,NS,Norra Götaland - 23,592,2025
1343803,2025-10-04T11:00:00+00:00,1759575600,19413.0,18422,12570,NS,Norra Götaland - 24,592,2025
1343804,2025-10-04T13:00:00+00:00,1759582800,,25569,12573,NS,Norra Götaland - 24,592,2025
1343805,2025-10-04T12:00:00+00:00,1759579200,,12622,22935,NS,Norra Götaland - 24,592,2025
1343806,2025-10-05T00:00:00+00:00,1759622400,20713.0,23655,11673,TBD,Norra Götaland - 24,592,2025
1343807,2025-10-05T12:00:00+00:00,1759665600,7994.0,12598,6670,NS,Norra Götaland - 24,592,2025
1343808,2025-10-03T17:30:00+00:00,1759512600,8009.0,12618,12577,NS,Norra Götaland - 24,592,2025
1343809,2025-10-05T11:00:00+00:00,1759662000,4903.0,6713,23660,NS,Norra Götaland - 24,592,2025
1343810,2025-10-11T12:00:00+00:00,1760184000,7994.0,12598,22935,NS,Norra Götaland - 25,592,2025
1343811,2025-10-11T13:00:00+00:00,1760187600,,25569,23655,NS,Norra Götaland - 25,592,2025
1343812,2025-10-11T12:00:00+00:00,1760184000,4903.0,12577,23660,NS,Norra Götaland - 25,592,2025
1343813,2025-10-12T13:00:00+00:00,1760274000,7970.0,12570,12622,NS,Norra Götaland - 25,592,2025
1343814,2025-10-12T00:00:00+00:00,1760227200,,6670,12618,TBD,Norra Götaland - 25,592,2025
1343815,2025-10-12T11:00:00+00:00,1760266800,4903.0,6713,18422,NS,Norra Götaland - 25,592,2025
1343816,2025-10-12T12:00:00+00:00,1760270400,7972.0,12573,11673,NS,Norra Götaland - 25,592,2025
1343817,2025-10-18T12:00:00+00:00,1760788800,,12622,6713,NS,Norra Götaland - 26,592,2025
1343818,2025-10-18T12:00:00+00:00,1760788800,19413.0,18422,12598,NS,Norra Götaland - 26,592,2025
1343819,2025-10-18T12:00:00+00:00,1760788800,20713.0,23655,12573,NS,Norra Götaland - 26,592,2025
1343820,2025-10-18T12:00:00+00:00,1760788800,20511.0,22935,12570,NS,Norra Götaland - 26,592,2025
1343821,2025-10-18T12:00:00+00:00,1760788800,8009.0,12618,25569,NS,Norra Götaland - 26,592,2025
1343822,2025-10-18T12:00:00+00:00,1760788800,7655.0,11673,12577,NS,Norra Götaland - 26,592,2025
1343823,2025-10-18T12:00:00+00:00,1760788800,,23660,6670,NS,Norra Götaland - 26,592,2025
1344544,2025-04-13T16:00:00+00:00,1744560000,4877.0,6679,25577,FT,Norrland - 1,594,2025
1344545,2025-04-12T11:00:00+00:00,1744455600,,24030,12586,FT,Norrland - 1,594,2025
1344546,2025-04-12T12:00:00+00:00,1744459200,20770.0,11665,11669,FT,Norrland - 1,594,2025
1344547,2025-04-12T12:00:00+00:00,1744459200,21600.0,16602,18420,FT,Norrland - 1,594,2025
1344548,2025-04-12T12:00:00+00:00,1744459200,7989.0,12592,6669,FT,Norrland - 1,594,2025
1344549,2025-04-13T14:00:00+00:00,1744552800,1523.0,6681,18999,FT,Norrland - 1,594,2025
1344550,2025-04-17T16:00:00+00:00,1744905600,21601.0,18420,11665,FT,Norrland - 2,594,2025
1344551,2025-04-17T17:00:00+00:00,1744909200,7652.0,11669,6679,FT,Norrland - 2,594,2025
1344552,2025-04-17T17:00:00+00:00,1744909200,7983.0,12586,12592,FT,Norrland - 2,594,2025
1344553,2025-04-21T11:00:00+00:00,1745233200,1523.0,6681,6669,FT,Norrland - 2,594,2025
1344554,2025-04-21T11:30:00+00:00,1745235000,1510.0,18999,12593,FT,Norrland - 2,594,2025
1344555,2025-04-22T17:00:00+00:00,1745341200,,25577,11671,FT,Norrland - 2,594,2025
1344556,2025-04-26T11:00:00+00:00,1745665200,7653.0,11671,16602,FT,Norrland - 3,594,2025
1344557,2025-04-27T12:00:00+00:00,1745755200,4877.0,6679,18420,FT,Norrland - 3,594,2025
1344558,2025-04-26T12:00:00+00:00,1745668800,7652.0,11669,25577,FT,Norrland - 3,594,2025
1344559,2025-04-26T12:00:00+00:00,1745668800,7989.0,12592,24030,FT,Norrland - 3,594,2025
1344560,2025-04-27T16:30:00+00:00,1745771400,4900.0,12593,6669,FT,Norrland - 3,594,2025
1344561,2025-04-27T11:00:00+00:00,1745751600,1523.0,6681,12586,FT,Norrland - 3,594,2025
1344562,2025-05-02T17:00:00+00:00,1746205200,20770.0,11665,11671,FT,Norrland - 4,594,2025
1344563,2025-05-02T17:00:00+00:00,1746205200,7983.0,12586,12593,FT,Norrland - 4,594,2025
1344564,2025-05-03T10:00:00+00:00,1746266400,21601.0,18420,11669,FT,Norrland - 4,594,2025
1344565,2025-05-01T11:00:00+00:00,1746097200,,24030,6681,FT,Norrland - 4,594,2025
1344566,2025-05-03T11:00:00+00:00,1746270000,,25577,16602,FT,Norrland - 4,594,2025
1344567,2025-05-04T12:00:00+00:00,1746360000,7983.0,6669,18999,FT,Norrland - 4,594,2025
1344568,2025-05-09T17:00:00+00:00,1746810000,21600.0,16602,11665,FT,Norrland - 5,594,2025
1344569,2025-05-09T17:00:00+00:00,1746810000,7653.0,11671,6679,FT,Norrland - 5,594,2025
1344570,2025-05-10T12:00:00+00:00,1746878400,,25577,18420,FT,Norrland - 5,594,2025
1344571,2025-05-10T14:00:00+00:00,1746885600,1523.0,6681,12592,FT,Norrland - 5,594,2025
1344572,2025-05-10T14:00:00+00:00,1746885600,7990.0,12593,24030,FT,Norrland - 5,594,2025
1344573,2025-05-11T13:00:00+00:00,1746968400,1510.0,18999,12586,FT,Norrland - 5,594,2025
1344574,2025-05-13T16:30:00+00:00,1747153800,4877.0,6679,16602,FT,Norrland - 6,594,2025
1344575,2025-05-13T17:00:00+00:00,1747155600,7653.0,11671,11669,FT,Norrland - 6,594,2025
1344576,2025-05-14T17:00:00+00:00,1747242000,20770.0,11665,25577,FT,Norrland - 6,594,2025
1344577,2025-05-14T17:00:00+00:00,1747242000,7989.0,12592,12593,FT,Norrland - 6,594,2025
1344578,2025-05-14T17:00:00+00:00,1747242000,,24030,18999,FT,Norrland - 6,594,2025
1344579,2025-05-14T17:00:00+00:00,1747242000,7983.0,12586,6669,FT,Norrland - 6,594,2025
1344580,2025-05-17T11:00:00+00:00,1747479600,21601.0,18420,11671,FT,Norrland - 7,594,2025
1344581,2025-05-17T12:00:00+00:00,1747483200,7652.0,11669,16602,FT,Norrland - 7,594,2025
1344582,2025-05-18T14:00:00+00:00,1747576800,7990.0,12593,6681,FT,Norrland - 7,594,2025
1344583,2025-05-17T12:00:00+00:00,1747483200,7983.0,6669,24030,FT,Norrland - 7,594,2025
1344584,2025-05-19T17:00:00+00:00,1747674000,20770.0,11665,6679,FT,Norrland - 7,594,2025
1344585,2025-05-24T14:00:00+00:00,1748095200,1510.0,18999,12592,NS,Norrland - 7,594,2025
1344586,2025-05-22T17:30:00+00:00,1747935000,,25577,6679,NS,Norrland - 8,594,2025
1344587,2025-05-24T11:00:00+00:00,1748084400,21601.0,18420,16602,NS,Norrland - 8,594,2025
1344588,2025-05-24T11:00:00+00:00,1748084400,,24030,6669,NS,Norrland - 8,594,2025
1344589,2025-05-24T12:00:00+00:00,1748088000,7652.0,11669,11665,NS,Norrland - 8,594,2025
1344590,2025-05-17T14:00:00+00:00,1747490400,7989.0,12592,18999,FT,Norrland - 8,594,2025
1344591,2025-05-25T14:00:00+00:00,1748181600,1523.0,6681,12593,NS,Norrland - 8,594,2025
1344592,2025-05-27T17:00:00+00:00,1748365200,7653.0,11671,25577,NS,Norrland - 9,594,2025
1344593,2025-05-28T16:30:00+00:00,1748449800,4877.0,6679,11669,NS,Norrland - 9,594,2025
1344594,2025-05-29T11:00:00+00:00,1748516400,20770.0,11665,18420,NS,Norrland - 9,594,2025
1344595,2025-06-23T17:00:00+00:00,1750698000,7990.0,12593,12592,NS,Norrland - 9,594,2025
1344596,2025-06-25T17:00:00+00:00,1750870800,4868.0,6669,12586,NS,Norrland - 9,594,2025
1344597,2025-06-25T17:00:00+00:00,1750870800,21602.0,18999,24030,NS,Norrland - 9,594,2025
1344598,2025-06-01T14:00:00+00:00,1748786400,21601.0,18420,6679,NS,Norrland - 10,594,2025
1344599,2025-06-03T18:00:00+00:00,1748973600,7983.0,12586,18999,NS,Norrland - 10,594,2025
1344600,2025-06-01T17:00:00+00:00,1748797200,7989.0,12592,6681,NS,Norrland - 10,594,2025
1344601,2025-06-01T13:00:00+00:00,1748782800,,25577,11669,NS,Norrland - 10,594,2025
1344602,2025-06-01T14:00:00+00:00,1748786400,21600.0,16602,11671,NS,Norrland - 10,594,2025
1344603,2025-06-01T14:00:00+00:00,1748786400,,24030,12593,NS,Norrland - 10,594,2025
1344604,2025-06-06T11:00:00+00:00,1749207600,7652.0,11669,18420,NS,Norrland - 11,594,2025
1344605,2025-06-06T20:00:00+00:00,1749240000,7653.0,11671,11665,NS,Norrland - 11,594,2025
1344606,2025-06-07T11:00:00+00:00,1749294000,1523.0,6681,24030,NS,Norrland - 11,594,2025
1344607,2025-06-07T12:00:00+00:00,1749297600,7990.0,12593,12586,NS,Norrland - 11,594,2025
1344608,2025-06-08T11:00:00+00:00,1749380400,21602.0,18999,6669,NS,Norrland - 11,594,2025
1344609,2025-06-09T17:00:00+00:00,1749488400,21600.0,16602,25577,NS,Norrland - 11,594,2025
1344610,2025-06-13T19:00:00+00:00,1749841200,20770.0,11665,16602,NS,Norrland - 12,594,2025
1344611,2025-06-11T16:30:00+00:00,1749659400,4877.0,6679,11671,NS,Norrland - 12,594,2025
1344612,2025-06-14T12:00:00+00:00,1749902400,21601.0,18420,25577,NS,Norrland - 12,594,2025
1344613,2025-06-14T12:00:00+00:00,1749902400,7983.0,12586,6681,NS,Norrland - 12,594,2025
1344614,2025-06-14T14:00:00+00:00,1749909600,,24030,12592,NS,Norrland - 12,594,2025
1344615,2025-06-15T00:00:00+00:00,1749945600,,6669,12593,TBD,Norrland - 12,594,2025
1344616,2025-05-28T17:00:00+00:00,1748451600,7989.0,12592,12586,NS,Norrland - 13,594,2025
1344617,2025-05-29T14:00:00+00:00,1748527200,7990.0,12593,18999,NS,Norrland - 13,594,2025
1344618,2025-05-29T11:00:00+00:00,1748516400,4868.0,6669,6681,NS,Norrland - 13,594,2025
1344619,2025-06-18T17:30:00+00:00,1750267800,21600.0,16602,6679,NS,Norrland - 13,594,2025
1344620,2025-06-19T17:00:00+00:00,1750352400,7652.0,11669,11671,NS,Norrland - 13,594,2025
1344621,2025-06-19T17:30:00+00:00,1750354200,,25577,11665,NS,Norrland - 13,594,2025
1344622,2025-06-26T16:30:00+00:00,1750955400,7653.0,11671,18420,NS,Norrland - 14,594,2025
1344623,2025-06-26T17:00:00+00:00,1750957200,21600.0,16602,11669,NS,Norrland - 14,594,2025
1344624,2025-06-25T16:30:00+00:00,1750869000,4877.0,6679,11665,NS,Norrland - 14,594,2025
1344625,2025-06-28T11:00:00+00:00,1751108400,21602.0,18999,6681,NS,Norrland - 14,594,2025
1344626,2025-06-28T12:00:00+00:00,1751112000,7983.0,12586,24030,NS,Norrland - 14,594,2025
1344627,2025-06-29T00:00:00+00:00,1751155200,,6669,12592,TBD,Norrland - 14,594,2025
1345280,2025-06-06T17:00:00+00:00,1749229200,,1102,1091,NS,Friendlies 1,10,2025
1345280,2025-06-06T17:00:00+00:00,1749229200,,1102,1091,NS,Friendlies 1,10,2025
1347475,2025-06-10T16:00:00+00:00,1749571200,,1091,1113,NS,Friendlies 1,10,2025
1347475,2025-06-10T16:00:00+00:00,1749571200,,1091,1113,NS,Friendlies 1,10,2025
1347476,2025-03-22T00:00:00+00:00,1742601600,4160.0,5539,5532,FT,Friendlies 2,10,2025
1347477,2025-03-26T00:00:00+00:00,1742947200,,5532,5539,FT,Friendlies 2,10,2025
1347477,2025-03-26T00:00:00+00:00,1742947200,,5532,5539,FT,Friendlies 2,10,2025
1348098,2025-03-21T19:45:00+00:00,1742586300,1971.0,771,15,FT,Friendlies 1,10,2025
1348099,2025-06-07T18:45:00+00:00,1749321900,,1117,773,NS,Friendlies 1,10,2025
1348099,2025-06-07T18:45:00+00:00,1749321900,,1117,773,NS,Friendlies 1,10,2025
1348100,2025-06-10T18:45:00+00:00,1749581100,,1117,1103,NS,Friendlies 1,10,2025
1348100,2025-06-10T18:45:00+00:00,1749581100,,1117,1103,NS,Friendlies 1,10,2025
1348101,2025-06-10T18:45:00+00:00,1749581100,1971.0,771,18,NS,Friendlies 1,10,2025
1350314,2025-03-19T13:30:00+00:00,1742391000,2274.0,1537,1549,FT,Friendlies 2,10,2025
1350315,2025-03-19T12:30:00+00:00,1742387400,,1542,1543,FT,Friendlies 3,10,2025
1350315,2025-03-19T12:30:00+00:00,1742387400,,1542,1543,FT,Friendlies 3,10,2025
1350696,2025-03-14T18:15:00+00:00,1741976100,,1548,1561,FT,Friendlies 3,10,2025
1350696,2025-03-14T18:15:00+00:00,1741976100,,1548,1561,FT,Friendlies 3,10,2025
1351041,2025-06-06T17:00:00+00:00,1749229200,19763.0,4,19,NS,Friendlies 1,10,2025
1351042,2025-06-10T17:00:00+00:00,1749574800,2606.0,1100,4,NS,Friendlies 1,10,2025
1351556,2025-10-12T17:00:00+00:00,1760288400,2614.0,1112,1113,NS,Friendlies 1,10,2025
1352744,2025-09-04T16:00:00+00:00,1757001600,11603.0,1090,1099,NS,Friendlies 1,10,2025
1352745,2025-09-05T00:00:00+00:00,1757030400,,774,5529,TBD,Friendlies 1,10,2025
1352745,2025-09-05T00:00:00+00:00,1757030400,,774,5529,TBD,Friendlies 1,10,2025
1352746,2025-10-14T00:00:00+00:00,1760400000,11603.0,1090,4673,TBD,Friendlies 1,10,2025
1352747,2025-02-17T14:00:00+00:00,1739800800,,1095,1561,FT,Friendlies 2,10,2025
1352747,2025-02-17T14:00:00+00:00,1739800800,,1095,1561,FT,Friendlies 2,10,2025
1352901,2025-06-06T22:00:00+00:00,1749247200,,31,28,NS,Friendlies 1,10,2025
1352901,2025-06-06T22:00:00+00:00,1749247200,,31,28,NS,Friendlies 1,10,2025
1352902,2025-06-10T00:00:00+00:00,1749513600,,31,1516,TBD,Friendlies 1,10,2025
1352902,2025-06-10T00:00:00+00:00,1749513600,,31,1516,TBD,Friendlies 1,10,2025
1352903,2025-06-10T18:45:00+00:00,1749581100,566.0,10,13,NS,Friendlies 1,10,2025
1352904,2025-09-09T18:45:00+00:00,1757443500,12273.0,767,5529,NS,Friendlies 1,10,2025
1352905,2025-10-09T18:45:00+00:00,1760035500,489.0,10,767,NS,Friendlies 1,10,2025
1352906,2025-11-17T00:00:00+00:00,1763337600,,1099,1110,TBD,Friendlies 1,10,2025
1352906,2025-11-17T00:00:00+00:00,1763337600,,1099,1110,TBD,Friendlies 1,10,2025
1354388,2025-03-25T12:00:00+00:00,1742904000,20324.0,1543,8167,FT,Friendlies 2,10,2025
1354389,2025-06-07T13:00:00+00:00,1749301200,,1092,1096,NS,Friendlies 2,10,2025
1354389,2025-06-07T13:00:00+00:00,1749301200,,1092,1096,NS,Friendlies 2,10,2025
1354390,2025-03-19T12:00:00+00:00,1742385600,3384.0,4460,4767,FT,Friendlies 3,10,2025
1355082,2025-03-21T13:00:00+00:00,1742562000,1551.0,1564,1553,FT,Friendlies 1,10,2025
1355638,2025-03-06T23:00:00+00:00,1741302000,4162.0,5541,5533,FT,Friendlies 3,10,2025
1355639,2025-03-09T19:30:00+00:00,1741548600,4162.0,5541,5533,FT,Friendlies 3,10,2025
1357846,2025-03-22T17:45:00+00:00,1742665500,4130.0,1096,2386,FT,Friendlies 2,10,2025
1357847,2025-06-06T17:00:00+00:00,1749229200,,1111,1094,NS,Friendlies 2,10,2025
1357847,2025-06-06T17:00:00+00:00,1749229200,,1111,1094,NS,Friendlies 2,10,2025
1357848,2025-03-21T12:30:00+00:00,1742560200,21415.0,1546,1545,FT,Friendlies 3,10,2025
1358791,2025-06-07T20:00:00+00:00,1749326400,,16,15,NS,Friendlies 1,10,2025
1358791,2025-06-07T20:00:00+00:00,1749326400,,16,15,NS,Friendlies 1,10,2025
1358792,2025-06-11T00:30:00+00:00,1749601800,,16,777,NS,Friendlies 1,10,2025
1358792,2025-06-11T00:30:00+00:00,1749601800,,16,777,NS,Friendlies 1,10,2025
1360315,2025-03-19T17:00:00+00:00,1742403600,1334.0,4,5533,FT,Friendlies 1,10,2025
1360316,2025-03-25T17:00:00+00:00,1742922000,1334.0,4,1507,FT,Friendlies 1,10,2025
1360317,2025-06-07T19:30:00+00:00,1749324600,,2384,777,NS,Friendlies 1,10,2025
1360317,2025-06-07T19:30:00+00:00,1749324600,,2384,777,NS,Friendlies 1,10,2025
1360318,2025-06-11T00:00:00+00:00,1749600000,19357.0,2384,15,NS,Friendlies 1,10,2025
1361120,2025-03-13T18:00:00+00:00,1741888800,,1552,1510,FT,Friendlies 3,10,2025
1361120,2025-03-13T18:00:00+00:00,1741888800,,1552,1510,FT,Friendlies 3,10,2025
1361377,2025-03-20T12:00:00+00:00,1742472000,21438.0,1558,5166,FT,Friendlies 3,10,2025
1361551,2025-03-20T18:00:00+00:00,1742493600,1301.0,1551,5537,FT,Friendlies 3,10,2025
1362704,2025-06-06T18:45:00+00:00,1749235500,20760.0,24,1114,NS,Friendlies 1,10,2025
1362705,2025-06-10T18:45:00+00:00,1749581100,,1102,776,NS,Friendlies 1,10,2025
1362705,2025-06-10T18:45:00+00:00,1749581100,,1102,776,NS,Friendlies 1,10,2025
1362706,2025-03-19T16:30:00+00:00,1742401800,,1095,5530,FT,Friendlies 2,10,2025
1362706,2025-03-19T16:30:00+00:00,1742401800,,1095,5530,FT,Friendlies 2,10,2025
1364751,2025-06-06T18:45:00+00:00,1749235500,1970.0,776,13,NS,Friendlies 1,10,2025
1364922,2025-06-07T18:30:00+00:00,1749321000,312.0,5529,772,NS,Friendlies 1,10,2025
1364923,2025-06-07T23:00:00+00:00,1749337200,312.0,4673,1501,NS,Friendlies 1,10,2025
1364924,2025-06-10T20:00:00+00:00,1749585600,312.0,4673,772,NS,Friendlies 1,10,2025
1364925,2025-06-11T00:30:00+00:00,1749601800,312.0,5529,1501,NS,Friendlies 1,10,2025
1366505,2025-03-30T20:00:00+00:00,1743364800,1659.0,2824,21231,FT,Regular Season - 1,300,2025
1366506,2025-03-30T19:30:00+00:00,1743363000,1662.0,2815,2832,FT,Regular Season - 1,300,2025
1366507,2025-03-29T21:00:00+00:00,1743282000,1650.0,2838,11371,FT,Regular Season - 1,300,2025
1366508,2025-03-28T23:00:00+00:00,1743202800,21730.0,2858,2853,FT,Regular Season - 1,300,2025
1366509,2025-03-30T20:00:00+00:00,1743364800,1651.0,2817,21208,FT,Regular Season - 1,300,2025
1366510,2025-03-29T21:00:00+00:00,1743282000,1656.0,10091,18807,FT,Regular Season - 1,300,2025
1366511,2025-03-30T20:00:00+00:00,1743364800,,2816,2847,FT,Regular Season - 1,300,2025
1366512,2025-03-30T19:30:00+00:00,1743363000,1848.0,25902,2837,FT,Regular Season - 1,300,2025
1366821,2025-04-05T19:30:00+00:00,1743881400,1658.0,2837,2816,FT,Regular Season - 2,300,2025
1366822,2025-04-05T19:30:00+00:00,1743881400,,2847,10091,FT,Regular Season - 2,300,2025
1366823,2025-04-05T21:00:00+00:00,1743886800,,21208,2824,FT,Regular Season - 2,300,2025
1366824,2025-04-06T19:00:00+00:00,1743966000,21731.0,21231,2838,FT,Regular Season - 2,300,2025
1366825,2025-04-07T00:00:00+00:00,1743984000,1660.0,11371,2858,FT,Regular Season - 2,300,2025
1366826,2025-04-06T19:30:00+00:00,1743967800,,2853,2817,FT,Regular Season - 2,300,2025
1366827,2025-04-06T19:30:00+00:00,1743967800,1652.0,2832,25902,FT,Regular Season - 2,300,2025
1366828,2025-04-06T20:00:00+00:00,1743969600,,18807,2815,FT,Regular Season - 2,300,2025
1366829,2025-04-11T23:00:00+00:00,1744412400,21730.0,2858,2817,FT,Regular Season - 3,300,2025
1366830,2025-04-12T19:30:00+00:00,1744486200,1658.0,2837,2847,FT,Regular Season - 3,300,2025
1366831,2025-04-12T21:00:00+00:00,1744491600,1656.0,10091,2815,FT,Regular Season - 3,300,2025
1366832,2025-04-13T19:00:00+00:00,1744570800,21731.0,21231,11371,FT,Regular Season - 3,300,2025
1366833,2025-04-13T19:30:00+00:00,1744572600,,2853,21208,FT,Regular Season - 3,300,2025
1366834,2025-04-10T19:30:00+00:00,1744313400,1848.0,25902,2816,FT,Regular Season - 3,300,2025
1366835,2025-04-13T20:00:00+00:00,1744574400,1659.0,2824,2838,FT,Regular Season - 3,300,2025
1366836,2025-04-13T20:00:00+00:00,1744574400,,18807,2832,FT,Regular Season - 3,300,2025
1366906,2025-06-07T17:00:00+00:00,1749315600,11600.0,21,771,NS,Friendlies 1,10,2025
1366907,2025-06-10T17:00:00+00:00,1749574800,456.0,21,1097,NS,Friendlies 1,10,2025
1366908,2025-06-05T16:00:00+00:00,1749139200,691.0,1104,1098,NS,Friendlies 2,10,2025
1367144,2025-10-06T14:00:00+00:00,1759759200,,22,4,NS,Friendlies 1,10,2025
1367144,2025-10-06T14:00:00+00:00,1759759200,,22,4,NS,Friendlies 1,10,2025
1367145,2025-10-14T14:00:00+00:00,1760450400,,22,2383,NS,Friendlies 1,10,2025
1367145,2025-10-14T14:00:00+00:00,1760450400,,22,2383,NS,Friendlies 1,10,2025
1367920,2025-06-10T17:00:00+00:00,1749574800,21411.0,5,1532,NS,Friendlies 1,10,2025
1367921,2025-09-09T16:00:00+00:00,1757433600,605.0,1101,1110,NS,Friendlies 2,10,2025
1371589,2025-04-19T15:30:00+00:00,1745076600,,2847,25902,FT,Regular Season - 4,300,2025
1371590,2025-04-19T21:00:00+00:00,1745096400,1650.0,2838,2853,FT,Regular Season - 4,300,2025
1371591,2025-04-19T21:00:00+00:00,1745096400,,21208,2858,FT,Regular Season - 4,300,2025
1371592,2025-04-20T19:30:00+00:00,1745177400,1662.0,2815,2837,FT,Regular Season - 4,300,2025
1371593,2025-04-20T19:30:00+00:00,1745177400,1652.0,2832,10091,FT,Regular Season - 4,300,2025
1371594,2025-04-20T20:00:00+00:00,1745179200,1651.0,2817,21231,FT,Regular Season - 4,300,2025
1371595,2025-04-20T20:00:00+00:00,1745179200,,2816,18807,FT,Regular Season - 4,300,2025
1371596,2025-04-20T23:30:00+00:00,1745191800,1660.0,11371,2824,FT,Regular Season - 4,300,2025
1371597,2025-04-27T20:00:00+00:00,1745784000,1659.0,2824,2858,FT,Regular Season - 5,300,2025
1371598,2025-04-27T19:00:00+00:00,1745780400,21731.0,21231,21208,FT,Regular Season - 5,300,2025
1371599,2025-04-26T21:00:00+00:00,1745701200,1650.0,2838,2817,FT,Regular Season - 5,300,2025
1371600,2025-04-27T19:30:00+00:00,1745782200,,2853,11371,FT,Regular Season - 5,300,2025
1371601,2025-04-26T19:30:00+00:00,1745695800,1848.0,25902,10091,FT,Regular Season - 5,300,2025
1371602,2025-04-26T19:30:00+00:00,1745695800,1658.0,2837,2832,FT,Regular Season - 5,300,2025
1371603,2025-04-27T20:00:00+00:00,1745784000,,2816,2815,FT,Regular Season - 5,300,2025
1371604,2025-04-27T20:00:00+00:00,1745784000,,18807,2847,FT,Regular Season - 5,300,2025
1371809,2025-05-28T18:00:00+00:00,1748455200,10503.0,1504,19,NS,Friendlies 1,10,2025
1371810,2025-05-27T18:00:00+00:00,1748368800,10503.0,2385,5168,NS,Friendlies 2,10,2025
1371811,2025-04-17T23:00:00+00:00,1744930800,,8150,8168,FT,Friendlies 3,10,2025
1371811,2025-04-17T23:00:00+00:00,1744930800,,8150,8168,FT,Friendlies 3,10,2025
1371812,2025-04-20T20:00:00+00:00,1745179200,,8150,8168,FT,Friendlies 3,10,2025
1371812,2025-04-20T20:00:00+00:00,1745179200,,8150,8168,FT,Friendlies 3,10,2025
1372959,2025-06-05T19:00:00+00:00,1749150000,16.0,1532,1514,NS,Friendlies 1,10,2025
1373034,2025-06-04T22:00:00+00:00,1749074400,20324.0,1543,1536,NS,Friendlies 3,10,2025
1373070,2025-06-10T18:45:00+00:00,1749581100,795.0,773,1116,NS,Friendlies 1,10,2025
1373071,2025-06-04T22:00:00+00:00,1749074400,,4460,1545,NS,Friendlies 3,10,2025
1373071,2025-06-04T22:00:00+00:00,1749074400,,4460,1545,NS,Friendlies 3,10,2025
1373372,2025-06-01T00:00:00+00:00,1748736000,6295.0,5159,5161,NS,Friendlies 2,10,2025
1373373,2025-06-05T17:00:00+00:00,1749142800,2606.0,1100,1095,NS,Friendlies 2,10,2025
1373374,2025-06-08T16:00:00+00:00,1749398400,693.0,1104,1533,NS,Friendlies 2,10,2025
1373621,2025-05-02T23:00:00+00:00,1746226800,21730.0,2858,21231,FT,Regular Season - 6,300,2025
1373622,2025-05-03T21:00:00+00:00,1746306000,,21208,2838,FT,Regular Season - 6,300,2025
1373623,2025-05-03T21:00:00+00:00,1746306000,1656.0,10091,2837,FT,Regular Season - 6,300,2025
1373624,2025-05-04T19:30:00+00:00,1746387000,1848.0,25902,18807,FT,Regular Season - 6,300,2025
1373625,2025-05-04T19:30:00+00:00,1746387000,1652.0,2832,2816,FT,Regular Season - 6,300,2025
1373626,2025-05-04T19:30:00+00:00,1746387000,1662.0,2815,2847,FT,Regular Season - 6,300,2025
1373627,2025-05-04T20:00:00+00:00,1746388800,1659.0,2824,2853,FT,Regular Season - 6,300,2025
1373628,2025-05-04T20:00:00+00:00,1746388800,1651.0,2817,11371,FT,Regular Season - 6,300,2025
1373713,2025-06-04T12:30:00+00:00,1749040200,1553.0,1564,1537,NS,Friendlies 1,10,2025
1373972,2025-05-25T19:00:00+00:00,1748199600,,5541,5536,NS,Friendlies 3,10,2025
1373972,2025-05-25T19:00:00+00:00,1748199600,,5541,5536,NS,Friendlies 3,10,2025
1373973,2025-05-27T22:00:00+00:00,1748383200,,1552,1551,NS,Friendlies 3,10,2025
1373973,2025-05-27T22:00:00+00:00,1748383200,,1552,1551,NS,Friendlies 3,10,2025
1373974,2025-05-30T00:00:00+00:00,1748563200,4162.0,5541,8168,NS,Friendlies 3,10,2025
1373975,2025-05-31T23:00:00+00:00,1748732400,19759.0,5533,8150,NS,Friendlies 3,10,2025
1373976,2025-06-05T19:00:00+00:00,1749150000,668.0,1508,1500,NS,Friendlies 3,10,2025
1374570,2025-06-01T20:00:00+00:00,1748808000,,5539,5164,NS,Friendlies 2,10,2025
1374570,2025-06-01T20:00:00+00:00,1748808000,,5539,5164,NS,Friendlies 2,10,2025
1374571,2025-06-08T15:00:00+00:00,1749394800,668.0,1508,1490,NS,Friendlies 3,10,2025
1374741,2025-05-08T23:00:00+00:00,1746745200,,5531,5527,FT,Friendlies 2,10,2025
1374741,2025-05-08T23:00:00+00:00,1746745200,,5531,5527,FT,Friendlies 2,10,2025
1374742,2025-05-11T20:00:00+00:00,1746993600,4154.0,5531,5527,FT,Friendlies 2,10,2025
1374851,2025-05-09T20:00:00+00:00,1746820800,1650.0,2838,2858,FT,Regular Season - 7,300,2025
1374852,2025-05-10T19:30:00+00:00,1746905400,21731.0,21231,2853,FT,Regular Season - 7,300,2025
1374853,2025-05-10T19:30:00+00:00,1746905400,1660.0,11371,21208,FT,Regular Season - 7,300,2025
1374854,2025-05-10T19:30:00+00:00,1746905400,1662.0,2815,25902,FT,Regular Season - 7,300,2025
1374855,2025-05-10T19:30:00+00:00,1746905400,1658.0,2837,18807,FT,Regular Season - 7,300,2025
1374856,2025-05-10T19:30:00+00:00,1746905400,,2847,2832,FT,Regular Season - 7,300,2025
1374857,2025-05-10T20:00:00+00:00,1746907200,1651.0,2817,2824,FT,Regular Season - 7,300,2025
1374858,2025-05-10T20:00:00+00:00,1746907200,,2816,10091,FT,Regular Season - 7,300,2025
1375050,2025-06-06T19:00:00+00:00,1749236400,1107.0,1521,1530,NS,Friendlies 1,10,2025
1375051,2025-05-20T23:00:00+00:00,1747782000,,5536,5541,NS,Friendlies 3,10,2025
1375051,2025-05-20T23:00:00+00:00,1747782000,,5536,5541,NS,Friendlies 3,10,2025
1375052,2025-06-09T19:00:00+00:00,1749495600,1107.0,1521,1492,NS,Friendlies 3,10,2025
1375214,2025-06-05T22:00:00+00:00,1749160800,,1505,1509,NS,Friendlies 3,10,2025
1375214,2025-06-05T22:00:00+00:00,1749160800,,1505,1509,NS,Friendlies 3,10,2025
1375215,2025-06-09T22:00:00+00:00,1749506400,,1505,1522,NS,Friendlies 3,10,2025
1375215,2025-06-09T22:00:00+00:00,1749506400,,1505,1522,NS,Friendlies 3,10,2025
1375225,2025-05-14T19:30:00+00:00,1747251000,21731.0,21231,2824,FT,Regular Season - 8,300,2025
1375226,2025-05-14T19:30:00+00:00,1747251000,,11371,2838,FT,Regular Season - 8,300,2025
1375227,2025-05-14T19:30:00+00:00,1747251000,,2853,2858,FT,Regular Season - 8,300,2025
1375228,2025-05-14T19:30:00+00:00,1747251000,1658.0,2837,25902,FT,Regular Season - 8,300,2025
1375229,2025-05-14T19:30:00+00:00,1747251000,,2847,2816,FT,Regular Season - 8,300,2025
1375230,2025-05-14T19:30:00+00:00,1747251000,1652.0,2832,2815,FT,Regular Season - 8,300,2025
1375231,2025-05-14T20:00:00+00:00,1747252800,,18807,10091,FT,Regular Season - 8,300,2025
1375232,2025-05-14T21:00:00+00:00,1747256400,,21208,2817,FT,Regular Season - 8,300,2025
1375272,2025-05-29T13:00:00+00:00,1748523600,20723.0,1538,1533,NS,Friendlies 3,10,2025
1375273,2025-06-02T22:00:00+00:00,1748901600,19696.0,1538,1533,NS,Friendlies 3,10,2025
1375497,2025-05-30T14:45:00+00:00,1748616300,,23,1548,NS,Friendlies 1,10,2025
1375497,2025-05-30T14:45:00+00:00,1748616300,,23,1548,NS,Friendlies 1,10,2025
1375498,2025-09-06T21:00:00+00:00,1757192400,21544.0,2384,17,NS,Friendlies 1,10,2025
1375499,2025-09-07T02:00:00+00:00,1757210400,,16,12,NS,Friendlies 1,10,2025
1375499,2025-09-07T02:00:00+00:00,1757210400,,16,12,NS,Friendlies 1,10,2025
1375500,2025-09-08T22:00:00+00:00,1757368800,,16,17,NS,Friendlies 1,10,2025
1375500,2025-09-08T22:00:00+00:00,1757368800,,16,17,NS,Friendlies 1,10,2025
1375501,2025-09-09T23:30:00+00:00,1757460600,12667.0,2384,12,NS,Friendlies 1,10,2025
1375502,2025-06-05T22:00:00+00:00,1749160800,,1527,1491,NS,Friendlies 3,10,2025
1375502,2025-06-05T22:00:00+00:00,1749160800,,1527,1491,NS,Friendlies 3,10,2025
1375693,2025-05-18T19:30:00+00:00,1747596600,1662.0,2815,18807,FT,Regular Season - 9,300,2025
1375694,2025-05-18T19:30:00+00:00,1747596600,1848.0,25902,2832,FT,Regular Season - 9,300,2025
1375695,2025-05-18T20:00:00+00:00,1747598400,1650.0,2838,21231,FT,Regular Season - 9,300,2025
1375696,2025-05-18T20:00:00+00:00,1747598400,1651.0,2817,2853,FT,Regular Season - 9,300,2025
1375697,2025-05-18T20:00:00+00:00,1747598400,1659.0,2824,21208,FT,Regular Season - 9,300,2025
1375698,2025-05-18T20:00:00+00:00,1747598400,,2816,2837,FT,Regular Season - 9,300,2025
1375699,2025-05-18T21:00:00+00:00,1747602000,21730.0,2858,11371,FT,Regular Season - 9,300,2025
1375700,2025-05-18T21:00:00+00:00,1747602000,1656.0,10091,2847,FT,Regular Season - 9,300,2025
1375813,2025-06-05T22:00:00+00:00,1749160800,,1522,1502,NS,Friendlies 3,10,2025
1375813,2025-06-05T22:00:00+00:00,1749160800,,1522,1502,NS,Friendlies 3,10,2025
1375896,2025-06-05T11:30:00+00:00,1749123000,3205.0,1546,1549,NS,Friendlies 3,10,2025
